index,X1,X2,X3,X4,X5,X6,X7,X8,X9,X10,X11,X12,X13,X14,X15,X16,X17,X18,X19,X20,X21,X22,X23,X24,X25,X26,X27,X28,X29,X30,X31,X32,X33,X34,X35,X36,X37,X38,X39,X40,X41,X42,X43,X44,X45,X46,X47,X48,X49,X50,X51,X52,X53,X54,X55,X56,X57,X58,X59,X60,X61,X62,X63,X64,X65,X66,X67,X68,X69,X70,X71,X72,X73,X74,X75,X76,X77,X78,X79,X80,X81,X82,X83,X84,X85,X86,X87,X88,X89,X90,X91,X92,X93,X94,X95,X96,X97,X98,X99,X100,X101,X102,X103,X104,X105,X106,X107,X108,X109,X110,X111,X112,X113,X114,X115,X116,X117,X118,X119,X120,X121,X122,X123,X124,X125,X126,X127,X128,X129,X130,X131,X132,X133,X134,X135,X136,X137,X138,X139,X140,X141,X142,X143,X144,X145,X146,X147,X148,X149,X150,X151,X152,X153,X154,X155,X156,X157,X158,X159,X160,X161,X162,X163,X164,X165,X166,X167,X168,X169,X170,X171,X172,X173,X174,X175,X176,X177,X178,X179,X180,X181,X182,X183,X184,X185,X186,X187,X188,X189,X190,X191,X192,X193,X194,X195,X196,X197,X198,X199,X200,X201,X202,X203,X204,X205,X206,X207,X208,X209,X210,X211,X212,X213,X214,X215,X216,X217,X218,X219,X220,X221,X222,X223,X224,X225,X226,X227,X228,X229,X230,X231,X232,X233,X234,X235,X236,X237,X238,X239,X240,X241,X242,X243,X244,X245,X246,X247,X248,X249,X250,X251,X252,X253,X254,X255,X256,X257,X258,X259,X260,X261,X262,X263,X264,X265,X266,X267,X268,X269,X270,X271,X272,X273,X274,X275,X276,X277,X278,X279,X280,X281,X282,X283,X284,X285,X286,X287,X288,X289,X290,X291,X292,X293,X294,X295,X296,X297,X298,X299,X300,X301,X302,X303,X304,X305,X306,X307,X308,X309,X310,X311,X312,X313,X314,X315,X316,X317,X318,X319,X320,X321,X322,X323,X324,X325,X326,X327,X328,X329,X330,X331,X332,realY,predictY
0,0,0,0,0,0,0,0,0,4.506951598,0,0,0,0.753284081,0,-1.276312079,0,2.327359531,0,0,0,0,2.159004543,0.816071637,1.145036062,2.545162423,0,0,0,0,0,0,0,-0.462125275,-0.673558296,0.261695802,-0.179968919,0,4.751806808,0,-1.292603728,0,0,0,-1.338892415,0.51309895,0,0,0,0,0,0,0.738996299,-0.452565829,-0.38295174,0.074243645,0.184687319,0,-0.928608588,0,0.861255011,0,0,0,0,-0.522408952,0,0,0,0,0,0.757112963,0,-0.344557079,0,0.413806177,0,0,0,0,0,0,0,0,-0.562076404,1.624984331,-0.771790909,0,-1.29463836,0,0.497237331,1.1438308,0,0.229096635,0,5.065626102,4.040179926,5.452192304,0,3.222709848,3.945178324,3.513785857,2.771471695,-0.004419279,-0.613360577,-0.950241383,0.895260566,1.604324732,3.313236968,2.312162166,6.261621996,2.183080131,2.536252374,6.314396593,-1.381349728,-0.376664726,0,-0.498672203,-0.372142013,-0.321385205,-0.552744654,0,0,-3.171696392,-4.442835318,0,9.873007335,6.878107906,4.91298222,10.04648083,5.729998892,7.722539152,9.296358952,3.923135406,-5.867859914,0,0,0.480513161,-0.952056905,4.40024654,-0.003352693,0.800138358,-0.372740365,0.268391291,0.017249305,-0.418979215,0.253590003,0.352144117,0.497288796,0.272704177,0.526170358,1.438140437,0,2.05E-05,-0.000111025,0,0,0,0.000248458,-0.00044724,0.000894897,1.152931957,0,1.621567271,3.692510946,3.358557256,4.111752218,0,0,0,0.818694415,0.000436293,0.132606701,1.380536416,0.359443029,0.62614903,2.287777036,-0.81915913,0.922365701,-1.977474284,0.968788877,-0.810900537,1.778207822,-0.981720109,0.850553827,-1.434188427,1.152995137,-0.753813954,0.122904431,0.000387076,0.02345602,0.098643142,-0.013862637,0.046100786,0.023135185,0.122036264,0.481509349,0.534915925,1.195950283,0.501626693,0.504732065,1.23730274,0,1.889368502,5.707473273,3.095899112,3.05895248,5.985028924,0,1.809629514,4.141011161,3.558214178,2.785994839,4.612442867,9.589811769,5.722799735,6.961225364,11.6354649,5.781846932,6.52385388,14.14884237,6.075351504,6.087364258,15.08094173,6.34729504,5.803015705,11.68512824,6.730695616,3.724508378,8.612855238,5.447655406,4.779314907,7.167987217,6.325138904,4.590544076,5.846051068,6.981138186,4.683666624,5.184432896,8.889602682,4.362839262,4.676513448,10.00059236,4.440880593,-3.871794199,-7.492545596,1.821057196,0,8.051714761,4.03268279,-3.585786526,-5.003535278,2.866287466,-3.735220549,-5.896149794,6.995821652,5.043410532,-1.023529087,6.26785521,3.349849105,5.34343567,9.493011647,3.980683632,5.010112926,-0.021086788,0.060698711,-0.009455547,0.170307729,-0.012131907,0.069154795,-1.449101763,-0.589340782,-0.372457862,-0.579073238,-0.156351261,-0.090952137,-0.04935065,-0.170683169,-0.200720368,4.955716188,4.592807137,-1.614579641,3.341258908,-2.581287583,-1.514216207,0,-8.967625885,-3.540035004,-3.79317372,2.632932604,-0.82798802,3.713342771,6.160218516,-2.597541342,2.596437183,-2.861129284,1.711801971,-2.519444089,0,-1.575444975,-1.5988571,-1.037636562,-0.773642492,2.867339348,0.938818921,-7.231637251,-3.418588654,-4.054187181,1.761717351,-0.494468898,-2.817897092,-8.895926561,1.561386733,1.625534533,3.157400456,-2.119497892,-4.24145627,3.710614893,2.256299721,-0.92438604,-4.717623364,-3.016773631,-1.430704542,5.015210068,6.373490827,4.139076109,3.443876033,6.085271867,4.589866654,-2.979076502,-6.393372421,-4.417066822,-4.61192245,0,0
1,0,0,0,0.551516394,1.103167546,0,-0.949546252,0,0,0,0.732412974,0,-0.753284081,0,0.377249573,0,0,0,2.476526163,0,0,0,0,1.145036062,3.792027574,0,0,0,0,0,2.152465839,0,-0.462125275,0,0.640988546,0,-0.606142603,0,0.947054741,0,0,0,-0.520468784,0,1.191378868,0,0,0,0,0,0,0,0.452565829,0.38295174,-0.321274366,-0.471667975,0,0,-1.57622905,0,0,0,-1.038647276,-0.488122867,-0.522408952,0,0,0,0,0,0,0,0.344557079,0,-0.110072271,0,-0.46224599,0,0,0,0.613465391,0,0.748187741,0,1.624984331,0,0.524389338,1.29463836,0,-0.497237331,0,-0.25932424,-0.338249096,-0.657334882,0.928460944,0.74051049,0,2.389596307,0.890471572,1.746738805,3.540595454,2.467066597,-0.367462555,-1.635426979,-0.090949608,0.895260566,1.604324732,1.985685869,0.834340959,5.11722317,2.905898323,2.765292316,6.051492061,-0.321138187,0,-1.302002314,0.514566006,0.062285378,-0.581223053,-0.072964703,1.073806755,0,0,3.015911448,0,-10.11568905,0,1.318090259,9.725043908,5.870844117,7.471062618,-4.637543795,-4.006526028,-4.986382166,0,0,0.480513161,-0.952056905,0.918510608,-0.273918555,0.469738831,0.372740365,0,-0.40913852,0.315559986,-0.270947852,0.36559875,-0.738416497,0.161673103,-0.333750082,-0.614943373,-6.00E-05,-0.000254988,-0.000298824,-0.000234741,0,-0.001112317,0,-0.000447817,0,2.066608916,0.468833587,3.897724702,0.633049987,2.224736656,0.704925381,0,0,-0.628990258,-0.818694415,0,-0.402071164,-0.67421011,-0.141769792,-0.111624064,1.865227103,-0.636352708,0.778138236,-1.536052616,0.823802767,-0.609353583,1.513749284,-0.724050096,0.725695847,-1.028416707,0.972704862,-0.585543845,-0.021729973,6.42E-05,9.93E-05,-0.002961287,-0.013787412,-0.000262281,0.010623822,-0.01478039,0.481509349,0.534915925,1.195950283,0.501626693,0.504732065,1.233598874,1.489499948,1.672977775,5.253913243,1.973742853,3.666769376,5.166059129,1.754545503,1.60237135,3.811934343,3.696654639,3.608757806,4.933003261,8.890897098,5.425930843,6.407218158,11.03222502,5.31119363,6.227147315,13.01953845,5.798649567,5.599226573,14.51722682,5.783657387,5.620109673,11.16902999,6.585400108,4.123964026,8.331378801,5.390511709,4.623785887,6.490918361,6.922464628,4.156933589,6.398133281,6.919878724,4.672478119,5.227137076,8.912725786,4.273718229,4.769322182,10.76404335,4.548717403,2.358952141,0,1.36073352,-0.485802979,-3.208788284,0,2.18892519,1.958921543,2.967202384,3.224648815,4.654224714,4.706118656,3.703928647,-1.023529087,-2.726009725,-0.934416777,-3.371239178,2.790143527,2.134267864,4.950012552,-0.064416855,0.000464157,-0.031498685,0.001207332,-0.027725769,0.000452332,-0.903313827,-0.520288649,-0.439796694,-0.802004979,-0.270237844,-0.210220846,0.012488095,0.072151122,0.024252222,-3.019348837,0,-1.206449003,2.356141302,3.905855458,-1.433046087,0.544126414,3.573799337,0,2.280363325,3.949398906,0,-2.266791253,-2.411771695,-2.688994371,1.800040481,-5.475668857,2.382250626,3.908454474,-2.22129896,-5.021550126,2.684004678,-5.799105622,0,1.905792679,0.938818921,3.145176908,0.953591189,2.732722963,3.334559682,0.783714661,-3.331002057,-6.633522052,3.594775781,-3.508492766,8.067511706,0,-1.224057218,-3.706247079,-1.571668959,-0.470208969,2.695061491,1.249191008,-0.798515502,5.549555093,6.781840909,4.151742954,4.566134604,6.90461754,3.911805275,-4.863124861,-9.709144397,-3.535746014,-3.946804964,1.199756037,0
2,0,0,0,0.874132803,0.753029001,0,0,0,0,0,0,0,0.753284081,0,-0.417523279,0,0,0,0,0,0,0,0,1.145036062,1.737343636,0,0.75434664,0,1.888243895,0,0,0,0.462125275,0,-0.044903723,0,-0.606142603,0,0,0,0,0,-0.520468784,-1.338892415,0,0,0,0.546536277,0,1.441039514,1.375318566,0.738996299,-0.452565829,0.38295174,0.303040427,0.933067008,-0.740411532,-2.943619578,0.966460417,0.861255011,0,0,0,0,0,0,0,0,0,0,1.109150444,0,-0.344557079,0,0.209858971,0,0,0,1.16364532,0,0.613465391,0,0.472053907,0,1.624984331,-0.771790909,0,0,0,0.497237331,0,-0.25932424,-0.229096635,0,1.644530643,1.311624577,3.903998399,0,1.668506236,2.29462289,3.515019436,2.693551412,0,0,0,0,0,0,0,0,2.664487467,2.593891545,6.148646522,-0.840804909,-1.030346492,0,0,-0.036174886,0.250734873,0.054361466,0,0,0,0,0,9.92892004,0,1.593652786,9.428104811,5.762448957,7.637519486,-5.819872257,-4.549793138,-5.410333794,0,0,0.480513161,-0.952056905,0,0,0.803023836,0.372740365,0.270608578,0.40913852,0.418979215,0.270947852,0,0,0.346404972,0,0.987178377,-8.99E-05,-8.22E-05,-0.000174295,-0.000234439,0,-0.000555532,0,-0.00044724,0.000894897,0,1.486167308,3.855184976,2.00672098,3.478098288,4.541794401,0,0,-0.628990258,0,-0.000217971,-0.334859832,0.215943041,-0.401753699,0.355497176,2.288165678,-0.813012313,0.961605114,-1.962374126,1.017189135,-0.779678598,1.877921546,-0.92666716,0.905045664,-1.32295821,1.202046019,-0.748057768,-0.06907446,-8.43E-05,0.002917653,0,-0.048781423,0.000153442,-0.004997758,0,0.481509349,0.534915925,1.195950283,0.501626693,0.504732065,1.233598874,0.530570587,1.733684388,4.795895441,2.28215854,3.252172975,6.201199874,2.162081517,1.660515898,3.479623223,3.28752696,3.03926701,4.779037912,9.587159771,5.710521615,6.896207441,11.61168375,5.717394643,6.551578434,14.01557854,6.099773351,6.029238422,15.14164312,6.339617114,5.797052029,11.75230497,6.737400394,3.897666048,8.76566527,4.79953237,4.86410993,7.045414628,5.769324876,4.511273999,5.332336311,6.170450471,4.909162715,5.04969534,9.286377863,4.40226266,4.976464035,10.21219052,4.510037069,3.37489753,-5.094679744,3.096644373,0,0,0,3.177653722,1.687323175,3.615671291,3.443546137,-4.109272619,-5.562866149,4.52686805,-1.812919497,0,0.467208388,-1.171609063,9.023484774,4.692221692,6.044892975,0.038505352,0.028591578,0.015849527,0.085674872,0.019208906,0.034287702,-1.376153941,-0.868545144,-0.71331225,-1.409125264,-0.14448981,-0.125376051,0.029912386,0.043560716,-0.125868659,-4.319711601,3.122954834,-2.745536478,-1.65363122,2.758419568,-3.293530539,0,0,0,0,-1.316466302,0.522402277,-3.290691565,-2.077387065,-3.276662151,-1.749493132,2.583857208,-4.15082663,-1.54238919,-3.480360619,-4.172647817,-1.073133286,2.492583055,-1.226194338,-1.205247069,1.662877145,0,-0.476795595,0,-1.761717351,0.494468898,1.026209931,7.478099289,3.361890278,0.775577076,4.622768344,3.796692252,2.17111716,-4.147999411,1.485420314,-1.329488487,3.245427958,-2.691124853,-1.243653603,2.51003755,5.970988138,4.139076109,4.062686294,8.037572159,4.589866654,-3.737309549,-7.461473663,-4.846605005,-5.060409391,-0.516706801,0
3,0,0,0,-0.874132803,0.475108402,0,0,0,0,0,1.297281903,0,-0.753284081,0,-0.291987051,0,0,0,2.133163528,0,0,0,0,-0.781608709,1.737343636,0,0,0,0,0,0,0,-0.462125275,0,-0.230373969,0,0,0,0,0,0,0,-0.520468784,0,0.927351914,0,0,0,0,0,0,0,-0.452565829,-0.38295174,-0.051342103,-0.050222496,-2.81900949,-0.735904895,0,0,0,0,0,0,0,0,0,0,0,0,0,0,-0.344557079,0,-0.549376162,0,-1.194888551,0,0,0,0,0,0,-0.890870023,1.624984331,-0.771790909,0,0,0,0,0,0,0.338249096,0,0,0,6.488244716,0,2.767772776,3.092347952,4.309382603,2.820111635,-1.326192611,-0.302213334,-0.734710571,2.798360585,5.014717801,3.220535641,1.477821208,7.37645127,2.915104997,2.553000213,6.341811963,0,-0.603900711,0,-0.359788326,-0.172149858,0.207311747,-0.489813336,0,0,0,0,0,0,0,2.812351474,10.11028551,6.034508155,7.761450189,-10.68698617,4.54400714,-4.428614728,0,0,0.480513161,-0.952056905,-2.64346852,-0.468266862,0,-0.372740365,-0.270608578,0.22820299,-0.418979215,-0.229812429,-0.506532731,0.670099869,0,0,0,0,0.00012734,-3.70E-05,0,0,0,0.000496835,-0.00044724,0.000894897,0,0,0,3.01008147,3.212840897,3.351840886,0,0,0,0,0.000218111,0.054526719,0.132155119,-0.05415104,0.063063951,2.207595944,-0.940438889,0.914571094,-2.258363541,0.949290234,-0.900536937,1.738226189,-1.069868881,0.836063647,-1.515676021,1.143251557,-0.860889046,0.000360359,-0.024296146,0.055123153,0.015414203,-0.001313916,-0.00110357,0.002797005,-0.049149705,0.481509349,0.534915925,1.195950283,0.501626693,0.504732065,1.23730274,0.530570587,1.789529058,4.584507175,2.972199621,2.787709922,5.720818065,0.624981718,0.926378392,3.673948565,3.643535374,2.37284677,4.408825223,9.663915977,5.567794316,6.974281526,11.34413792,5.806709331,6.398212534,14.21270241,5.959766911,6.116024812,14.94529462,6.246637196,5.812333454,11.59654878,6.737323744,4.278614097,6.699920182,5.645540617,3.658707307,7.052616042,6.308739337,4.516657718,5.973790827,7.404322655,3.669523554,5.463577199,7.286849776,4.305800911,4.49088092,9.935785187,4.397121488,0,-9.194837907,0.834329938,2.197559872,5.526364253,-1.129674006,0.471359383,-6.090535175,0.97827279,-3.660813358,-4.703090333,-5.017784163,4.87983211,-3.944732102,2.915922547,-0.740507776,-2.874478747,-7.075181145,4.11766449,-5.015238108,-0.04402274,0.002153217,-0.023496535,0.005313207,-0.028063866,0.002176526,0.819389538,0.489376365,0.557706227,0.997139109,0.08449978,0.052873641,0.018889622,-0.045609425,0.019272616,0,5.636284307,-0.739730819,1.65363122,1.457330525,-0.477682029,-2.461389547,-6.155007796,0.991668756,3.0447223,-9.330405998,2.219127006,-0.488126927,7.498503652,-0.886548905,1.327260685,5.54921533,-0.609756165,-0.735906666,-4.089827475,-3.957657983,-1.38652005,-2.55774665,-3.398083395,-1.725341905,3.618254902,-3.364291836,0.755703138,3.699114545,-7.901266352,1.567429321,2.784243388,-4.632076424,1.561386733,2.000137213,6.056828141,-2.942304852,3.089102104,2.407166689,1.095492713,-0.784059345,2.838192797,-2.010449543,-0.601947018,4.759310449,6.812667113,4.139076109,4.031713807,7.738847303,4.589866654,-3.202318052,-8.799307491,-3.505467213,-4.390712806,0,0
4,0,0,0,-0.874132803,1.33379791,0,0,0,0,0,0,0,0.753284081,0,0.354472896,0,-0.948608691,0,1.066581764,0,0,0,0,0,3.792027574,0,-0.75434664,0,0,0,1.780277537,0,-0.462125275,0,0.698090615,0,-0.606142603,0,0.473527371,0,0,0,0.520468784,1.338892415,1.440450864,0,0,0.546536277,0,2.552432231,0.938800973,0,-0.452565829,0.38295174,-0.066791928,-0.283914834,-2.45959387,0.928608588,0.609768633,-0.861255011,0,0,0,-0.488122867,-0.522408952,0,0,0,0,0,1.7676449,0,-0.344557079,0,-0.340390369,0,0,0,1.704709582,0,0,0,0.748187741,0,1.624984331,0,-0.524389338,-1.29463836,0,-0.788102524,0,0,-0.338249096,-0.657334882,0,0,4.78019057,3.312286293,2.147052529,2.627084853,3.618265955,2.470128904,-0.962091501,0,-0.470856655,1.585724681,2.841650153,0,3.122002617,5.071285386,2.322877297,2.800368812,6.073161894,0,-1.141220646,-0.497822176,-0.404753854,-0.209622466,-1.07613871,-0.675478235,-1.298298894,0,4.744098689,-3.525469971,0,-11.02300948,0,1.593652786,9.069872966,5.912817775,7.477803453,-7.432644829,-4.529338404,-4.409667297,0,0,0.480513161,-0.952056905,-1.626906173,-0.468266862,0,-0.372740365,-0.270608578,0.40913852,-0.133851408,0.129742742,-0.624995191,0.588856204,-0.419787594,-0.170913979,-1.56464071,0,-0.000213867,-0.000298824,0,0,-0.001112317,0,-0.000447817,0,0.576465978,0,4.254933749,0,2.428623826,0,0,0,0,-0.818694415,0,-0.019603634,-0.668439422,0.013790355,-0.13911142,1.870283881,-0.624972347,0.775211472,-1.547871703,0.811369274,-0.613681076,1.485371846,-0.724631608,0.714970336,-1.037825598,0.969046286,-0.590049286,-0.00132149,0.053197347,0.023141487,-0.00414405,-0.000198042,-0.009179453,0.00014377,0.009316064,0.481509349,0.534915925,1.195950283,0.501626693,0.504732065,1.233598874,0.530570587,1.606481204,5.57172706,2.505991179,3.696516722,5.313516143,1.874945154,1.538681203,4.042521592,3.926975154,3.638034522,4.97498825,8.908518948,5.57275911,6.428542928,11.13862261,5.332713241,6.270563371,13.06954441,5.865592247,5.607559769,14.59407102,5.790469327,5.614676217,11.17220481,6.593043218,4.161995263,8.182565512,5.489710325,4.542794948,6.427503223,7.521553806,4.114923811,6.656508556,7.07696812,4.592834198,5.134970077,9.30653939,4.241906956,4.897988195,10.78077093,4.588627529,0.507972694,-6.249759031,-1.222271267,-0.971605957,0,-2.824185016,0.747086947,-2.674343959,1.5954942,0.734944373,5.311188716,4.781621973,2.978844841,5.786144839,4.673382636,-2.292540447,5.310956132,8.780460001,4.022670343,5.470661507,0.019177093,0.057857982,0.009339235,0.159386069,0.008257786,0.058752283,-0.751612718,-0.414735141,-0.322773956,-0.602521312,-0.393117554,-0.235158331,-0.13721773,-0.137658545,-0.07927369,-0.650181382,3.830999426,1.083686063,-0.933598902,1.838946378,1.712472161,1.088252828,0,2.47917189,-1.435561693,-1.316466302,0.522402277,-0.773662875,3.292580598,-1.445898987,-0.945559591,0,0,-2.806444897,3.992649694,-0.678507219,-1.297484629,-3.040220176,-1.796342237,-2.241444674,-5.307267106,-5.391989257,2.339583819,-3.052431055,5.955025637,0,-4.199700178,4.800158555,-0.520462244,2.989112698,1.668120441,1.925814161,0.947059942,-3.055998696,-1.593143848,-0.178018983,-4.154266849,-1.262532843,-1.140593655,3.554940237,6.781840909,4.151742954,3.638763546,6.90461754,3.911805275,-4.063160759,-9.709144397,-4.418496862,-4.613415574,1.033413601,0
5,0,0,0,-1.280581411,-1.941987938,0,-0.949546252,0,0,0,1.072965614,0,-0.753284081,0,0.957350908,0,-1.640823449,0,1.6904921,0,0,-2.159004543,-0.816071637,-1.145036062,-4.958465309,0,0,0,0,0,0,0,0.462125275,0,0.014559555,0,-1.701657419,0,0,0,0.615625801,0,0.304454721,-1.338892415,-1.869658786,0,-1.761801862,0,1.008656504,0,1.110280799,0,-0.773666394,-0.654660323,0,0,0,0,-1.932920834,0,0,0,0,-0.488122867,-1.350407552,0,-0.511351504,0,0,0,3.327451331,0,-0.344557079,0,1.278921637,0,-0.46224599,0,3.958923275,0,0,0,0.472053907,0,3.07575289,-0.771790909,0,0,0,0,-3.211139027,0,-0.229096635,-0.390389176,2.954973966,2.356791887,4.745737315,6.481847283,3.711642904,4.53202071,4.335672343,2.797128639,-0.240559333,-0.242083933,-0.028523606,2.090180527,3.745645058,1.985685869,2.923994091,5.448439061,2.147448871,2.557126955,7.800034253,-0.628212206,-0.650662024,-1.931896217,-0.554378407,-0.412278397,-0.634002686,-0.928053024,0,-4.400111421,0,0,0,0,-8.421369071,3.117563411,10.71520143,6.047381927,8.089200208,-6.528701984,5.083690721,-5.852862999,0,0,0.480513161,-0.952056905,-1.199823062,-0.162920954,0.633180998,-0.372740365,0.13668038,0.264741219,0.389653882,0.244739017,-0.063301598,-0.175013417,0.191995738,0.168572217,0.62352427,0,-2.88E-05,-0.000389657,0,0,-0.000556248,0,-0.001566098,0.000896051,0.913676959,0,1.285061659,0,3.645076399,4.57627202,0,0,0,0,-0.001306354,0.139673167,-0.043316609,0.26910292,0.319163509,1.962605726,-0.674259296,0.809161953,-1.628545844,0.838007195,-0.64103168,1.340468357,-0.75764246,0.637245291,-1.060502957,1.011485786,-0.620802299,0.017030419,0.001529858,0.047169961,-0.019680901,0.378836304,-0.008524829,0.024988096,-0.060297396,0.481509349,0.534915925,1.195950283,0.501626693,0.504732065,1.248368311,0.840934484,0.96719806,1.564706498,3.095899112,0.745002761,6.527779858,0.990572587,0.926378392,1.135260169,4.131328822,3.378786567,5.030721159,8.790927364,5.468267107,6.353703776,11.11194431,5.30759583,6.281164694,13.12956363,5.849679869,5.639065609,14.48911384,5.759401138,5.487399618,11.07171556,6.318065072,3.627767613,8.234239272,4.852857374,4.566334113,6.690048954,6.922464628,4.284461406,6.395369446,7.031806884,4.645258338,5.193660339,8.736135759,3.950062609,4.275683598,9.784769149,4.158900577,-2.076319513,-6.424893135,-4.749406736,1.127999585,-5.71304987,-2.715371947,-2.132223374,-5.806621562,-5.501226125,-4.40228437,-4.858170343,5.728576135,-3.24158642,2.458694451,-4.447322148,-1.084824283,-4.340454787,8.807219941,4.420323029,6.009558991,-0.086220805,0.040142213,-0.046593622,0.130819149,-0.042523676,0.055920041,-1.35049268,-0.714523474,-0.576746691,-0.278920996,-0.362412037,-0.26738845,-0.015826552,-0.228333869,-0.171555762,2.65759224,3.93835375,4.210903116,3.324430668,5.315805254,-3.138301958,-1.263422408,6.362929564,2.383651838,2.942804267,5.592253425,1.350390297,2.208072398,7.148956822,4.985425383,2.681808092,4.885579035,-4.480932296,-1.200212077,-6.492252906,2.150816998,-0.46217335,-1.964027342,3.022536575,-0.738993857,-2.255205935,5.131168388,1.107085087,3.713451252,4.803909059,3.08940583,-4.666893373,1.338970367,-4.066778096,-2.213535622,-4.693403808,-3.78235032,-3.146065029,2.568677366,-1.578886011,-1.627422529,-4.175334113,-2.33154213,0.408644467,5.875913165,6.833515969,4.301143433,4.047339574,7.237615668,4.902317477,-4.813825544,-9.610719165,-4.485265015,-4.683129155,0,0
6,0,0,0,0,-1.103167546,0,0,0,0,0,1.962972136,0,-0.753284081,0,0.276320865,0,-0.474304345,0,3.543107927,0,0,0,0,-0.781608709,-2.545162423,0,0,0,0,0,1.780277537,0,-0.462125275,0,-0.005700419,0,0,0,0.750523126,0,0,-0.286239986,0,-1.338892415,1.326341546,0,0,-0.546536277,1.107091987,0,0,1.08261001,0.452565829,-0.38295174,-1.076978852,-1.511097959,-1.480823064,-0.735904895,0,1.722510023,0,0,0,-0.488122867,0.8279986,0,0,0,0,0,3.654793357,0,-0.344557079,0,0.23648694,0,0,0,4.88831542,0,0,0,0.748187741,0,1.624984331,-0.643707397,0.524389338,1.29463836,0.509641036,-0.497237331,1.812928926,0,-0.338249096,-0.133352311,0.928460944,0.74051049,3.564650556,0,1.217009722,2.528130058,4.121686229,2.758963807,0,-0.516056789,-0.933202181,0,0,1.985685869,2.236153797,5.943578672,2.707019218,2.660443206,6.131168027,-0.576877529,-0.418217449,0,0.505346496,0.385149048,-0.52872657,0.121478546,0.732987142,0,-3.067432307,3.345583902,5.949493837,-10.34082954,7.310885508,0.899736576,9.574809805,6.001508942,7.679992165,-6.528701984,-4.924667154,-5.567090973,0,0,0.480513161,-0.952056905,0.510759327,0,0.803023836,0.372740365,0.270608578,0.07667432,-0.418979215,-0.238344331,0.316847555,0.544840997,0.379490931,0.443663641,-1.396894422,0,-0.000193118,-3.58E-05,0,0,-0.001111242,0,-0.000447384,0.000671443,0,0.468833587,4.503569744,0.633049987,2.570539855,4.713483934,0,0,0,-1.297599947,0.000218182,-0.015973312,-1.622734081,-0.068672527,-0.824699077,1.947489584,-0.964184325,0.807897145,-2.327315383,0.852929448,-0.925328233,1.566399919,-1.098988076,0.755375309,-1.571207266,1.009904725,-0.887173515,-0.004371151,0,0.006355393,0.003231244,-0.012643491,-0.002202463,-0.005074057,0.00990065,0.481509349,0.534915925,1.195950283,0.501626693,0.504732065,1.240998914,1.59171176,1.789529058,4.266693358,2.379107488,2.927821395,6.395395458,1.981145174,1.714003698,2.927724633,2.916480518,2.881500643,4.933003261,9.093291018,5.584145774,6.555454042,11.35299564,5.437856043,6.403625441,13.32643475,5.962561314,5.726954644,14.95666935,6.071243206,5.67028076,11.20858847,6.749770746,3.7601844,5.421703242,4.929159264,3.008529275,6.718455858,6.123612275,4.302653842,5.659788761,6.325934099,3.048285895,4.745364587,6.758643867,4.06184791,4.134594308,10.01809934,4.115795774,1.687448765,-4.566058959,1.887137102,0,1.604394142,-1.460082472,2.132223374,-2.802583131,2.522869579,3.100518743,5.028883702,-4.471231193,4.510867974,0,2.726009725,-1.311619769,-1.171609063,-6.231729504,4.875629903,4.640704417,0.020639717,-0.001733901,0.008095956,-0.005275716,0.010068719,-0.001737669,1.052791814,0.562654153,0.494774036,0.832946788,-0.308208233,-0.237175349,0.009088634,0.039973152,0.047399691,-2.159855801,2.798918993,-1.673167186,-1.65363122,2.134950631,-0.477682029,0,-1.786899668,1.281713274,1.187335096,6.582331511,0.522402277,-2.208072398,3.450465228,-2.286322676,-1.635549372,-5.167714416,-1.576196821,2.418777387,3.940531113,4.325510277,-1.5988571,2.78101526,-3.902557635,-2.980438531,0,-3.145176908,1.338534459,-2.53807449,5.557599471,-1.148121225,-2.784243388,7.632719861,2.578472131,1.551154152,3.157400456,1.849267993,2.862201772,-2.749818144,-2.783929705,-0.872486224,2.222294199,2.623865835,-0.821592909,4.202809741,5.940542687,4.481226948,3.600561991,6.872588097,4.530745807,-3.509449591,-9.226723971,-2.675884891,-3.334290516,0,0
7,0,0,-1.713582909,-1.548302264,0,0,0,0,2.968967568,0,0,0,0.753284081,0,-0.156114291,0,1.422913036,0,0,0,0,0,-0.816071637,-1.563217418,1.737343636,0,0,0,0,0,0,0,0.462125275,0,0.441092476,0,0,0,0,0,0,0.489330488,0.304454721,-0.783201855,1.113386241,0,0,0,1.107091987,0,1.662845355,0,-0.773666394,0,0.887147817,0,-2.347049026,0,1.219537266,0,-0.276556984,-0.327204184,-1.373017015,-0.882211266,-0.8279986,0,0,0,0,0,0.757112963,0,0,0,-0.899250298,0,-0.46224599,0,0.734178455,0,0.613465391,0,0.748187741,0,2.050501926,-0.486945848,0,1.29463836,0,-0.788102524,0,-0.25932424,-0.338249096,-0.435483037,0,0,1.248979789,0,1.217009722,2.986670532,3.757268353,2.706648691,0,-1.580007981,0,0,0,2.602694073,0,4.037214768,2.235790798,2.987501153,6.448677858,0,-0.032190031,0,0.398239197,0.151031384,-0.329645046,-0.500384226,0,0,0,2.811211608,0,-11.28453587,0,0,9.202683319,6.064585384,7.706363831,-6.800418966,-5.26788687,-5.242801553,0,0,0.480513161,-0.952056905,0,-0.451987369,0.053894299,0.372740365,-0.249077586,-0.376585382,0.418979215,0.270947852,0,-0.79807107,-0.040454717,-0.550714141,-1.957300295,-1.50E-05,-0.000147925,-0.000555236,-0.000234514,0,-0.001111242,0,-0.000670969,0.000447665,0,1.21191724,4.599109642,1.636410477,2.950226088,1.822205677,0,0,-0.628990258,-1.297599947,0,-0.811099734,-1.836049694,-0.305729792,-0.863234207,1.785353778,-0.881713063,0.74104405,-2.128528415,0.785061331,-0.844006568,1.437129757,-1.003056233,0.692205718,-1.440026559,0.9263356,-0.811395846,-0.005243415,0.000546173,-0.001186434,-0.007420467,0,0,-0.001421001,0.031439162,0.481509349,0.534915925,1.195950283,0.501626693,0.504732065,1.23730274,1.489499948,1.889368502,4.336183102,3.236343484,2.064584243,5.242064655,1.45116261,1.714003698,3.146082647,3.967341857,3.38299732,4.039867482,9.326954733,5.669385713,6.727822752,11.52598361,5.577880271,6.505154577,13.67631402,6.054310691,5.854363439,15.08625562,6.195135982,5.775503924,11.50665537,6.73473715,4.389845894,7.121764624,5.778242301,3.950087177,6.892619672,6.509496311,4.413298597,6.016444609,7.399608484,4.000827019,5.122167437,8.087393957,4.140843819,4.746307226,9.800047777,4.364563869,1.7572968,2.547339872,0,0.485802979,-4.514104253,0,1.794632468,1.33717198,0,0.734944373,-7.435241358,-5.823564128,4.134502067,0.645774954,-2.824927247,0,4.299717394,9.402626188,4.798657901,4.346159571,0.101031116,0.02683596,0.040468757,0.078028109,0.048003958,0.030400273,0.651876072,0.350553162,0.267247644,0.482556392,-0.259720557,-0.19839842,0.004150397,-0.035388881,-0.316942566,-2.249258032,-1.561477417,0,-1.178070651,-2.758419568,-3.829485249,-0.544126414,5.027599629,0,-2.403604598,5.265865208,2.761106155,-1.858472459,-1.646290299,0,-0.945559591,3.520473441,-4.895065173,1.897831116,0,-2.714028877,-2.647292184,-4.611794218,-4.388429275,-2.848119149,-0.59232879,3.259304567,0,-3.17397843,-7.636547066,1.567429321,-2.179632699,0,-2.386299874,-3.285513004,2.104933637,1.562812756,2.644647131,-4.822274307,-3.125105266,-1.281700392,-2.71258067,2.679891027,-0.49200291,2.694701551,6.453971032,4.019669626,3.326884929,7.781379853,4.589866654,-4.407404945,-9.532659144,-3.388022144,-4.166879886,0.516706801,0
8,0,0,1.713582909,0.874132803,1.643605028,0,0,0,0,0,0,0,-0.753284081,0,-0.21109894,0,-0.948608691,0,1.6904921,0,0,0,0.816071637,0.781608709,4.282506059,0,0,0,0,0,0,0,0.462125275,0,0.668090349,0,0,0,0,0,0,0.489330488,0.520468784,3.108811914,1.704477819,0,0,0,0,0,0.938800973,0,-0.452565829,0,-0.475852493,0,0,0,-1.57622905,0,0.276556984,0.327204184,0.607569708,0.645263331,0.8279986,0,0,0,4.60846345,0,0.757112963,0,0,0,-0.699141167,0,1.465285121,0,6.447085108,0,0,-0.852339705,0,-1.305100994,0,-1.130653245,0,1.29463836,0.509641036,0.994474662,1.812928926,0.25932424,0.43022091,0.836067897,0,0,7.459041542,5.880232351,3.831121815,4.700996535,4.565875422,2.576477749,-1.572097399,-0.013618233,-0.002459407,3.947534281,7.07405991,1.53994679,0.834340959,6.309661742,2.034915382,2.6745616,6.317286762,0,-1.163503699,-2.480442967,0.011742442,0.034400191,1.137099474,1.159234995,0,0,0,4.975969429,6.770747339,11.98812903,7.236968219,3.967270662,10.89649301,6.189415736,7.597001837,-11.5324814,-5.244886398,5.520588191,0,0,0.480513161,-0.952056905,0.736036575,-0.468266862,0,-0.372740365,-0.270608578,-0.416647836,0.41648023,0.252435875,0.010046649,-0.009009184,0.063127188,0.570549534,1.974356755,0.000194678,0.000657014,0.001859059,0,0.000233001,0,0.000993351,0,0.001789218,0,1.21191724,0,3.19335363,0,3.555921448,0,0.462970576,0.628990258,1.900949563,0.000654545,0.909082363,2.371278826,0.694940207,1.126806683,2.074347975,-0.84396681,0.859382189,-2.069628159,0.365141855,-1.031788042,0.444778038,-1.223393114,0.172039094,-1.748486982,1.074263151,-0.788943046,0.000251274,0.059122457,0.652871688,0.696569437,0.248173181,-0.010096435,0.06601534,0.009820299,0.481509349,0.534915925,1.195950283,0.501626693,0.504732065,1.233598874,0.530570587,0.766486328,0.987219885,2.505991179,3.051459246,5.769119531,0.624981718,1.60237135,4.17792074,2.419555487,3.003182433,5.015139236,8.904803314,5.422408835,6.427393678,11.00109556,5.120516642,6.543281303,12.8950178,5.986192649,5.511547322,15.04309508,5.769756213,5.740368878,11.13644184,6.623046581,4.347288427,6.598448016,5.736154939,3.429800723,5.460854387,7.108163134,3.4972569,6.547335428,7.315181669,4.510999765,5.561832186,8.847362818,4.28682902,5.016850089,10.72864044,4.559446639,0,10.15311537,-4.27110294,2.987565468,-10.10970787,-2.798313397,-0.747086947,7.719290181,-5.0047549,3.310597628,6.337282778,-4.437544951,3.417780497,3.681201199,-8.412585043,-2.269689472,-6.08849523,-8.989224817,2.962427675,-3.6374775,0.0316278,-0.042027025,0.014233929,-0.122681825,0.012561991,-0.051921363,0.969108095,0.665473107,-0.539851158,-0.620806741,-0.258937803,-0.186938167,-0.018604097,0.353014016,0.246351046,0,6.607801088,3.786831005,4.054119889,4.7899527,2.506840663,-3.346239849,-8.343811922,2.456460846,-2.04542957,-10.56846772,0.522402277,0.773662875,8.71704583,4.535503822,3.236409385,4.486827876,3.176496305,2.381553861,-6.353803975,0,2.267834064,0,4.089011742,-2.410494138,-3.376534563,-6.712968718,2.316263937,-2.080889245,-8.892159153,0,-4.069300706,0,0,-3.754383596,8.014229444,-2.552380473,-2.251581741,4.405852816,2.948581131,1.227114992,-4.530160027,-3.866510979,-1.692309496,5.532720823,6.453971032,4.120347467,4.535977353,6.846382629,3.766035721,-4.711169499,-9.405768154,-4.205203378,-4.613415574,-0.818960903,0
9,0,0,1.713582909,1.280581411,-1.103167546,0,0,0,2.133396242,0,0.732412974,0,0.753284081,0,-0.073086494,0,0.948608691,0,1.066581764,0,0,0,0.816071637,1.38441954,-1.737343636,0,0.75434664,0,0.944121947,0,0,0,0.462125275,0,0.784853393,0,-2.013562142,0,0,0,0,-0.489330488,-0.520468784,1.338892415,-0.51309895,0,0,0,1.107091987,1.441039514,0,0,0.452565829,0.38295174,-0.754404288,-1.163495012,0.740411532,0.735904895,0,0,0.472777286,0.559359246,0,0,-0.690587071,0,0,0,3.165189031,0,0,0,-0.344557079,0,1.687549138,0,0.92449198,0,-1.46835691,0,0,0,0.472053907,0,1.025250963,-0.771790909,0,0,0,0,-1.1438308,0,-0.229096635,0.287182141,0,0,0,0,1.073526265,1.933601536,3.157144108,2.586938943,-1.440808272,-1.845497317,-0.831776168,3.294687673,5.90414581,2.491801198,1.821081251,7.363136605,2.875634759,2.660443206,6.411787785,0,0,0,-0.056057401,-0.069151131,-0.41751085,-0.247085377,0,0,0,0,0,0,-6.790896343,3.311160035,9.701066836,5.709223714,7.624620549,5.669114558,-3.326508987,-4.057952812,0,0,0.480513161,-0.952056905,0,-0.468266862,0,-0.372740365,-0.270608578,-0.40913852,-0.418979215,-0.241762444,0,0,0,-0.053123527,-0.891128684,0,-1.65E-05,-2.15E-05,0,0,-0.000556248,0,-0.000223945,0.000896051,1.914978529,0,2.693364938,0,2.966123198,5.437967464,0,0,0,0,0,0.003197218,-0.771052859,-0.063870087,-0.04844245,1.486139278,-0.72813631,0.617081334,-1.753713608,0.658519303,-0.697398661,1.193551385,-0.828496305,0.571879275,-1.168946498,0.771377097,-0.668516299,-0.004444385,-0.006047762,-0.010509933,0.002224839,0.023039629,-0.000721542,0.007576674,-0.043444016,0.481509349,0.534915925,1.195950283,0.501626693,0.504732065,1.233598874,0.840934484,0.96719806,5.68133938,2.681787161,3.263290122,6.444763188,2.076144328,0.463189196,3.673948565,3.28752696,3.211661954,4.354041525,9.315822544,5.388929134,6.716506002,10.9622211,5.539300532,6.210666602,13.6194624,5.773769942,5.854749838,14.51655878,6.069489834,5.635240372,11.08602697,6.487726221,4.733546727,7.624365892,6.241598075,4.240281112,7.159386133,6.96437272,4.571062604,6.441267609,8.010531181,4.304511755,5.865066962,8.847630106,4.658633097,5.104984525,10.31563187,4.37665246,1.313090366,2.547339872,-2.655387134,-1.539959008,-3.628914143,-1.460082472,2.215596367,5.924501978,-2.82993702,3.256259823,2.912386483,6.764697467,4.932676039,-2.458694451,-5.223890109,2.221523327,-4.355238907,-7.047371333,-3.239228569,4.94163832,0.021411953,-0.029665642,0.009990004,-0.074602077,0.013482717,-0.032087901,0.734266693,0.393146379,0.320891068,0.595605657,0.055297188,0.033897108,0.013191437,0.093791111,0.043888365,-1.680694492,-1.561477417,2.35431046,2.502179366,-2.376803715,-2.029158634,1.724839924,4.041716003,1.281713274,3.165212547,4.55422515,1.933118135,-2.294411196,-7.29408803,2.564599152,1.932469845,-3.364949142,-2.6353223,2.006694602,4.694234072,-4.669922996,3.275636444,-1.309351561,0.773642492,-0.738993857,2.255205935,6.027145976,-2.267109414,3.435252595,3.845227067,1.829752348,2.966444375,-8.003400693,3.190060396,-3.367915752,4.622768344,2.445137821,2.912089575,-0.870416361,-2.414443776,-1.388680177,2.817372715,1.000496694,-0.950131812,4.672482137,5.564242284,4.151742954,3.949016063,7.059504478,3.911805275,-3.855353891,-10.32743098,-3.489830442,-3.920738104,0.516706801,0
10,0,0,0,0,-1.33379791,0,0,0,0,0,0,0,0.753284081,0,-0.524908841,0,-1.503509202,0,0,0,0,0,0,-0.781608709,-4.056206624,0,0.75434664,0,2.204258051,0,1.780277537,0,0.462125275,0,-0.603987088,0,1.701657419,0,0.947054741,0,-0.615625801,-0.64685972,-0.304454721,-2.419853796,-1.385592785,0,0,0,0.755707848,3.145296912,0,0,0.773666394,0.654660323,-0.129067605,-0.306542321,0.740411532,0.928608588,0.609768633,0,0,0,0,0,-0.522408952,0,0,0,0,0,1.109150444,0,-0.344557079,0,-0.510816318,0,-1.194888551,0,1.16364532,0,0,0,0.472053907,-0.562076404,2.380559016,-0.486945848,0,0,0,0,-1.812928926,0,0,-0.518046592,0,0,0,2.743142078,1.017909116,1.95235067,3.909210577,2.355920301,-1.420948695,-1.942144255,-0.239822003,3.20404976,5.741720868,2.755659264,1.821081251,7.913315739,3.19465393,3.007579481,6.775838585,0,0,-0.920000989,-0.038505182,-0.047921579,-0.314600305,-1.113604612,0,-3.936891807,3.507952479,0,0,0,-7.240664558,3.220068962,10.28402617,6.115575647,7.601151881,0,3.604526929,-3.951486752,0,0,0.480513161,-0.952056905,0,-0.468266862,0,-0.372740365,-0.270608578,-0.40913852,0.137981979,-0.270947852,0,-0.592171193,-0.391203271,0,0,0,-1.23E-05,-0.00118028,0,0,-0.000556069,0.000248698,-0.000895057,0.000447953,0.913676959,0,1.285061659,3.590928787,3.455841324,3.998636597,0,0,0,0,-0.000436152,-0.047437113,-0.372956163,0.05726397,0.06839986,2.012835799,-0.776366967,0.833951148,-1.931286241,0.882800975,-0.763727251,1.613591046,-0.906996011,0.784682796,-1.272732806,1.042473302,-0.736207054,0,0.094056984,0.000361524,-0.014073364,0.00642837,-0.001595526,-0.03036238,-0.075186435,0.481509349,0.534915925,1.195950283,0.501626693,0.51676828,1.240998914,1.371505071,0.96719806,5.57172706,3.133319861,3.142952183,5.48144136,2.441735197,0.926378392,4.042521592,4.097121037,3.217066049,4.224346352,9.153165053,5.528405049,6.605870138,11.17085469,5.477977945,6.308971474,13.43489148,5.881993333,5.770368914,14.71769757,5.992725851,5.675853567,11.72106366,6.704510462,4.271096746,7.233926845,5.635621632,3.635847291,6.345929362,7.13347156,4.064079295,6.594646836,7.218102978,3.851509285,5.244154483,7.643605312,4.086376153,4.546323913,10.11709355,4.552452593,0,2.018719087,-1.668659876,3.623814099,-4.758067112,-1.311510907,0,-1.687323175,-1.732759564,-2.450831878,3.198031472,4.147875564,-3.044506224,4.817114113,-3.788164563,1.868833554,4.100631722,7.279064535,3.562165871,-5.296433545,-0.024002131,0.011247667,-0.011264332,0.030088539,-0.008882946,0.010561236,0.371873039,0.499565609,0.379064796,0.683911687,-0.220128561,-0.139817718,-0.05178422,-0.04819622,-0.037444662,0,-1.237441576,1.479461638,-1.956732997,-2.581287583,2.130190344,-4.058873779,5.299314129,1.151291773,3.389970515,-7.838498799,-2.563370821,0,2.077387065,1.570294207,2.425021375,-2.22639133,2.678242627,0.464305411,-1.913991505,-2.150816998,-0.732527428,-4.430966356,-4.472705534,0,-4.418436107,4.370654882,-1.907182378,3.615233897,-6.618207653,-2.449695988,-1.953572715,7.125904014,-3.522584404,1.625534533,6.384357592,1.562812756,-2.323559762,-1.063990363,-0.627723107,-0.519589831,-2.99168291,-1.318319886,1.448022546,4.398864434,7.001398538,4.303372379,3.940291181,6.575010192,4.738260778,-3.715804479,-8.550488379,-3.678512064,-4.349318852,-0.516706801,0
11,0,0,0,1.548302264,1.33379791,0,0,0,0,0,0,0,-0.753284081,0,0.752487331,0,-1.101300585,0,0,0,0,0,0.816071637,1.563217418,3.474687272,0,0,0,0,0,0,0,0.462125275,0,0.519114295,0,0.960713296,0,0,0,0,0,0.520468784,2.12209427,1.539296851,0,-1.111573215,0,0,0,0.938800973,0,-0.452565829,-0.38295174,0.51325369,0.757928916,0.740411532,-0.464304294,0,0,0,0,0,0,1.044817905,0,0,0,0,0,0,0,0.344557079,0,-0.284803998,0,-1.073301951,0,0.734178455,0,0,0,0,-0.890870023,0,-1.130653245,0,0,0.509641036,0.994474662,2.956759726,0,0.338249096,0.836067897,4.315144664,3.441620147,3.659444639,1.812877784,3.129219915,4.498214202,4.755720907,2.859000381,-0.182003093,-0.731635445,-0.504086042,3.065006807,5.492553132,2.450562246,2.05662837,6.75023471,2.84406739,2.694666649,5.939730956,-0.735028066,-0.301654847,-0.393713429,0.195790503,0.198319964,1.013578677,1.146635758,0,4.048260756,-3.171696392,0,6.847891643,12.14753762,7.971636695,4.367366173,11.02064509,6.281923456,7.723269066,9.071467593,-4.341086947,5.416701534,0,0,0.480513161,-0.952056905,3.628592961,-0.125353064,0.678459528,0.372740365,0.173105945,-0.06961793,-0.188398314,0.123774228,0.28224057,0.144277457,-0.080603066,0.482046423,1.777499381,0,0.000252444,0.001278532,0,0,0,0.000496516,0,0.001788067,0,0.743083654,0,3.297844384,0,5.543664417,0,0,0,1.297599947,0.000872305,0.245083761,1.299155259,0.152241602,1.03172115,2.002854347,-0.719077752,0.829690062,-1.727771815,0.877543418,-0.684636862,1.619819872,-0.805406947,0.759041486,-1.137210231,1.037146768,-0.658627277,0.000556147,-0.012266335,0.002386768,-0.006408353,-0.034530339,-0.017702963,0.075589759,-0.038594277,0.481509349,0.534915925,1.195950283,0.501626693,0.510775041,1.240998914,1.59171176,1.606481204,5.323402987,3.327894939,3.609696678,4.822888012,1.874945154,1.763525665,3.862352066,2.662895963,3.552588049,2.426115655,9.157447796,5.356872134,6.594019503,10.90372583,5.468423137,6.154891123,13.41775366,5.74176681,5.833470206,14.37980756,6.088368404,5.659698052,11.41156424,6.723183799,3.835994683,7.756678959,5.110622179,4.325278265,6.166306267,6.777037146,3.904548511,6.267966046,6.579960029,4.381057621,5.349889718,8.820501011,4.080799783,4.805591155,9.877557775,4.171490363,-2.076319513,-3.292389023,2.762527842,-2.133800887,-3.628914143,-1.585697941,2.64654617,-1.958921543,3.215386153,-3.024964409,-6.400815991,-4.828947535,4.032132417,-3.07058726,-2.726009725,-3.149669926,-3.857500874,-5.13717688,-4.731988071,-5.676928051,-0.164605408,-0.004789368,-0.070818923,-0.010923767,-0.078063055,-0.003661409,-0.860196528,-0.460923399,-0.387257067,-0.792059904,-0.021665859,-0.033914171,0.028412303,0.000589244,-0.084460264,2.65759224,2.018180284,-2.449303196,4.082449123,5.241401488,3.123638649,2.389975929,4.041716003,1.391983082,2.91496199,1.316466302,1.567206831,-2.740691064,2.411771695,-2.913908168,3.276712579,4.885579035,3.987292398,2.487540387,5.696511525,-0.678507219,1.073133286,3.243392336,-3.832776777,1.477987714,2.816456762,3.145176908,3.21430176,3.130563952,-7.384778329,1.388149694,2.139609223,-8.033822202,3.200711188,3.324743134,-8.168775133,2.878020402,-4.030569988,4.290421299,2.505378754,1.449524706,1.493601523,-3.068393769,-1.482868738,5.072009714,6.080499622,4.481226948,5.157576849,7.784594542,4.120762005,-3.188299017,-8.646772595,-4.310729477,-4.684485921,-1.033413601,0
12,0,0,0,0,0.753029001,0,0,0,0,0,0,0,-0.753284081,0,-0.452506703,0,-1.57560493,0,-2.133163528,0,0,0,0,0.781608709,2.545162423,0,0,0,0,0,0,0,-0.462125275,0,0.166435662,0,0,0,0,0,0,0,-0.520468784,-1.769919499,0.51309895,0,0,0,0,0,0,0,0.452565829,0.38295174,0.462656306,0.20126008,-1.913936045,0,-1.219537266,-3.840707829,0,0,0,0.285533573,-0.522408952,0,0,0,0,0,0,0,-0.344557079,0,0.625151375,0,0,0,0,0,0,0,0,-0.890870023,1.624984331,-0.771790909,0,0,0,0,0,0,0.338249096,0,0,0,1.248979789,4.623559201,2.31586888,2.890322143,4.311694969,2.779827929,-0.962091501,-0.502245643,-0.044478263,1.585724681,2.841650153,0.769973395,1.821081251,4.037214768,2.682300465,2.475128759,6.387350553,0,-0.285489266,-1.751052612,-0.49215561,-0.184272663,0.13331797,-0.51509917,0,0,0,0,0,0,0,1.593652786,9.690667634,6.008286431,7.74218357,1.986340427,-3.399617798,-4.412859957,0,0,0.480513161,-0.952056905,-1.159031343,-0.468266862,0,-0.372740365,-0.270608578,0,0.372633784,-0.270947852,-0.36559875,-0.43015648,-0.064632467,0,0.952858708,0,6.98E-05,-8.48E-05,0,0,0,0.000496835,-0.00044724,0.000894897,1.338512551,0,1.882581303,3.516332399,3.313428792,3.915570665,0,0,0,0.818694415,0.000218111,0.03305478,1.440355735,0.089959386,0.506882925,2.221865581,-0.895823587,0.920659451,-2.16143108,0.974815081,-0.860434575,1.767321492,-1.099923173,0.852137438,-1.57877079,1.150862253,-0.823938355,-0.000520922,-0.001747582,-0.000250256,0.007491176,0.049384567,0.196572578,-0.006042624,0.037266776,0.481509349,0.534915925,1.195950283,0.501626693,0.504732065,1.23730274,0.840934484,1.606481204,5.421666584,3.327894939,2.980011042,5.90329263,2.076144328,1.538681203,4.141011161,4.079572194,2.674502591,4.549451695,9.651424749,5.618354545,6.965062914,11.42489279,5.774863035,6.44372444,14.16841646,5.962561314,6.098435879,14.89919358,6.305220812,5.801872341,11.65474251,6.727280035,4.1780771,7.725432503,5.51288418,4.289071853,7.129821761,6.286446862,4.565390366,5.810289695,7.122734114,4.045968225,5.261905935,7.799443187,4.317042662,4.49491448,9.978889322,4.400580657,0,0,-3.247870622,-0.769979504,4.049040002,5.05766141,0.747086947,0.843661588,-3.79575559,-2.727771419,-4.691085386,6.878677894,4.871801017,-1.937324863,3.000171036,4.18483321,5.248809736,7.075181145,-3.987146724,2.800833813,-0.01574387,0.04413209,-0.007532052,0.10791454,-0.009344789,0.043985553,-0.340784118,-0.188926629,-0.145127967,1.211487475,0.012792909,0.008228496,0.002318795,-0.132155076,-0.044551907,0,0,2.879616189,-2.111669553,2.376803715,0.477682029,0.862419962,-4.50963267,-4.439798359,-1.698692489,7.229839537,2.511373158,-0.773662875,-1.038693533,3.439861557,-1.800040481,1.999843548,0,1.718134185,-1.480865973,-1.357014438,2.869843863,2.422588261,-4.030254482,2.015112857,1.776986371,-3.461494865,-4.270706794,-3.084619082,6.426096337,2.377087489,2.748986535,3.75896505,0,3.229566064,6.798337446,2.646975195,-1.638144554,2.394794714,2.376786234,-0.768265207,-2.838192797,-2.385857992,-1.093806334,4.093645439,6.812667113,4.139076109,3.931476812,7.738847303,4.589866654,-3.098536491,-6.393372421,-4.417066822,-4.61192245,0,0
13,0,0,0,-0.874132803,-1.506058001,0,-0.949546252,0,0,0,1.297281903,0,-0.753284081,0,-0.838342609,0,-0.474304345,0,2.133163528,0,0,2.159004543,0.816071637,-1.38441954,-4.656330877,0,0,0,0,0,1.215228475,0,-0.462125275,0,1.350496372,0,1.921426591,0,0.473527371,0,0,0,0,-2.12209427,-1.326341546,0,-1.111573215,0,0.755707848,0,1.375318566,2.109132262,-0.452565829,-0.38295174,-0.216201588,0.211490256,0,0.464304294,-1.932920834,3.087566919,0,0,-1.038647276,-0.773656439,-0.8279986,0,0,0,0,0,0.757112963,0,-0.344557079,0,0.811562174,0,-1.386737971,0,0.734178455,0,0.613465391,0,0.944107814,0,3.07575289,0,0,-1.29463836,-0.80776193,-1.154549329,-3.211139027,-0.25932424,-0.396920795,-0.909669959,3.322870658,2.650214418,2.212247645,2.921135802,1.889808184,2.212340765,2.647387363,2.336194007,-0.554507744,-1.618888246,-0.504086042,3.473663309,6.224873707,3.274998759,2.923994091,7.180647791,3.552326113,3.417789579,7.186420587,-0.332533315,-0.036752011,-0.44110926,-0.185485201,-0.433465309,-1.290186354,-1.564474704,0,0,0,-3.86700241,-7.440812201,-12.43115814,-8.091804713,3.92763508,10.97568819,6.24537781,7.719184742,3.972680854,-4.88022045,5.302762991,0,0,0.480513161,-0.952056905,3.174614258,-0.310444546,0.403519751,-0.372740365,-0.053420733,-0.372441394,-0.167935667,-0.212803402,0.279301829,-0.285070137,-0.311621572,-0.389014388,-1.866528179,-0.000135044,-0.00048554,-0.002479126,-0.000234892,0,-0.001669282,0,-0.001567108,0,1.914978529,0,4.399526666,0,3.59187283,0,0,0,-0.628990258,-1.63738883,-0.001307195,-0.337815434,-1.924750495,-0.512776683,-1.033082751,2.088020001,-0.752046432,0.863956436,-1.812756214,0.923437465,-0.711380468,1.69059262,-0.849784404,0.827754251,-1.22645797,1.079981149,-0.691023363,0.005305131,-0.004090677,-0.02463469,-0.031911036,-0.000420519,0.00982828,-0.0556822,0.04315522,0.481509349,0.534915925,1.195950283,0.501626693,0.504732065,1.240998914,2.020070535,1.789529058,3.758696489,2.615902831,3.365457485,5.886251151,2.379527221,1.714003698,2.927724633,3.206761226,3.403661574,4.536318451,9.699798589,5.26003004,7.002692351,10.69803206,5.794795671,6.047862856,14.20123951,5.621360377,6.120300711,13.98724673,6.275920324,5.588293283,11.73409965,6.65480014,3.923374875,7.441141304,5.204129358,4.138785078,7.130931831,6.711649612,4.566812953,6.199873371,6.43539019,4.199424107,5.347377972,8.30324303,4.512457187,4.869005412,10.24533915,4.618269883,-1.7572968,7.83274802,1.748674849,-1.457408936,-5.929799845,2.48094341,-1.744236984,5.205328722,2.57376699,3.8397791,-6.078680756,7.348751075,2.477022523,-1.937324863,-4.135332914,2.052127545,3.474252809,-5.046685828,-4.839777019,-5.637615793,-0.034258409,0.084968688,-0.017444275,0.172527731,-0.019708763,0.05706392,-0.495818941,-0.262450534,-0.372750108,-0.671229175,0.408591109,0.308983938,0.000143152,0.047250011,-0.035773517,2.249258032,-4.801345623,-1.550404246,-3.547387385,-5.597258873,-3.316314416,1.632379243,6.604335618,-2.177861978,-2.774760596,-7.143494696,3.954509807,1.806284269,-6.408661195,-2.332447892,-3.47850193,-5.314068396,1.41580997,-3.223447053,3.633223658,-3.974682395,1.535306636,-1.037636562,3.022536575,3.149487995,1.776986371,4.771205866,-2.094237597,-2.96569566,-6.031401226,3.743058158,-2.49265417,5.583406009,-2.502046732,3.452394186,6.338342293,-2.616664923,3.758235934,-3.168318916,-3.528303001,-1.923900941,3.76715737,3.533844498,1.977250674,4.672482137,6.085023616,4.303372379,4.727745467,7.57605133,4.738260778,-4.039373543,-10.60378541,-2.850994893,-3.840786896,-0.516706801,0
14,0,0,0,-0.874132803,0,0,0,0,0,0,0,0,-0.753284081,0,-0.292386747,0,0,0,-1.066581764,0,0,0,0,-0.781608709,1.737343636,0,0,0,0,0,0,0,-0.462125275,0,0.067380478,0,0,0,-1.697577867,0,0,0,0.520468784,0.783201855,1.026197901,0,0,0,0,0,0.938800973,0,-0.452565829,-0.38295174,0.803187822,1.164507154,-2.561403064,1.303466944,0.609768633,0,0,0,0,0,0,0,0.511351504,0,7.14794682,0,0,0,0.344557079,0,-0.350864661,0,2.476506932,0,-0.734178455,0,0,0,0,-0.890870023,1.624984331,-0.771790909,0,0,0,0,1.1438308,0.25932424,0.338249096,0,1.856921888,1.48102098,0,0,0.637344643,3.255164868,4.474520604,2.81141332,-1.127617501,-1.899290666,-1.259201086,3.807894221,6.823822147,2.636074666,4.078730346,7.99089626,2.622068884,2.535546015,6.367229309,-0.054181694,0,0,-0.017067581,-0.00149124,0.290551028,-0.472114228,0,0,0,0,0,0,6.911526937,3.885983281,9.817153797,6.102095732,7.760061066,7.757343629,-5.484606712,3.528581832,0,0,0.480513161,-0.952056905,1.837021216,-0.44413693,0.078573733,-0.372740365,-0.238631067,-0.40913852,-0.418979215,-0.270947852,0.061154107,0,0.045992377,0.055826745,0.121026544,0,0.000164306,-1.31E-05,0,0,0,0.000496835,-0.00044724,0.000894897,0,0,0,2.587568297,3.156226736,2.881356302,0,0,0.628990258,0.818694415,0.000218111,0.73932602,1.180220975,0.341060018,0.397787558,2.166258276,-0.940792949,0.899286658,-2.253649213,0.953975119,-0.90039324,1.747437882,-1.054072664,0.841157967,-1.5039625,1.124145382,-0.859091943,-0.008580881,-0.035683477,-0.005588049,0.0234591,-0.003147712,-0.045634768,1.45E-05,-0.003722999,0.481509349,0.534915925,1.195950283,0.501626693,0.504732065,1.23730274,2.072881235,0.766486328,5.599931095,2.71285178,2.666291813,5.617919548,2.441735197,0.734137506,3.326252173,3.325608197,2.148284492,4.3295251,9.698191448,5.58397204,6.99650487,11.3712387,5.797874174,6.408405376,14.21634793,5.974107852,6.109160425,14.98928131,6.193849217,5.819209306,11.56478774,6.741089375,4.434860348,6.347104822,5.830558572,3.683523818,7.045414628,6.486687527,4.513586629,5.995363441,7.462531997,3.744947212,5.46803109,7.741533497,4.211920173,4.588577211,9.895105168,4.402330404,2.076319513,4.037438174,1.052807164,-2.79574149,5.387174936,-3.815410413,1.841549542,3.70562949,2.283990621,2.467768864,7.687550441,7.354832177,4.902075401,-3.716362214,4.164862739,-3.047862868,-3.91698231,-8.770772049,-3.9998942,-4.171753348,0.007226915,-0.009410187,0.004086224,-0.023649616,0.00466601,-0.009734201,1.208053941,0.561210866,0.52375247,0.679810304,0.089024847,0.057096682,0.017630618,0.033889059,0.310053212,-2.65759224,-2.474883151,-0.933436367,0,3.180854623,-1.234790132,3.131386301,-5.999985201,3.349305443,1.534072178,2.086549722,-2.178378316,-1.907058502,-4.5622717,-2.069841261,-0.749338247,2.861129284,-1.711801971,-1.303470082,0,0.678507219,0.732527428,-0.654675781,-2.945531548,1.725341905,3.408785553,-4.80527637,3.110405602,-1.269037245,0,-2.236760694,2.542022726,4.44796328,1.649826281,1.625534533,2.720587259,-1.439010201,-2.345960435,4.062021289,1.362537143,-0.826888512,-3.176129257,-2.378882262,-0.948794388,5.480352841,6.812667113,4.139076109,3.885995645,7.738847303,4.589866654,-2.411428526,-8.799307491,-4.205203378,-4.390712806,0.516706801,0
15,0,0,0,0,-1.33379791,0,0,0,0,0,0.732412974,0,-0.753284081,0,-0.526379543,0,-1.503509202,0,1.066581764,0,0,-2.159004543,-0.816071637,-0.781608709,-4.282506059,0,-0.75434664,0,0,0,3.560555074,0,-0.462125275,0,-1.120053982,0,-1.818427808,0,1.802886766,0,0,0,-0.520468784,-2.12209427,-1.440450864,0,-1.111573215,0,0,0,0.938800973,0,-0.452565829,-0.38295174,0.703407988,1.032684386,0,0,0.609768633,0,0,0,0,0,-0.522408952,0,0,0,0,0,0,0,-0.344557079,0,0.71199347,0,0,0,0,0,0.613465391,0,0.748187741,0,2.650235294,0,-0.524389338,-1.29463836,-0.509641036,0,-2.655892871,-0.25932424,-0.338249096,-0.873850284,0,0,4.710207224,3.070516609,2.017927751,2.240532007,3.85978146,2.3315974,-1.244325581,-0.296364433,-0.087998184,2.480985246,4.445974885,2.133783958,1.222287412,8.037771649,3.277281833,3.021739738,6.871850346,0,-0.59823521,-1.40953336,-0.544012109,-0.464405175,-0.96216325,-1.329402463,-2.031286037,0,0,-4.142874934,-6.508123928,0,-7.727670279,2.493389362,10.47384038,6.111558888,7.619482844,-7.490973919,3.515197026,-4.91378924,0,0,0.480513161,-0.952056905,-2.324410966,-0.468266862,0,-0.372740365,-0.270608578,0.230075452,0.322786098,0.270947852,-0.507729217,-0.125096522,-0.472625605,-0.841753414,-0.026621286,-0.00014995,-0.000254988,-0.001682324,-0.000234741,0,-0.001112317,0,-0.001119002,0,2.133177603,0,3.000255968,0,3.492534463,0,0,-0.462970576,-0.628990258,0,-0.000871744,-0.815318827,-0.901284309,-0.223627849,0.009062214,1.613860072,-0.620183499,0.696248316,-1.49223126,0.784261581,-0.591703906,1.475404253,-0.703666348,0.727534614,-1.003390095,0.870339087,-0.568839128,-0.095228232,-0.006444549,-0.101957551,-0.00361886,-0.089458212,0.000876059,-0.059323603,-0.003301454,0.481509349,0.534915925,1.195950283,0.501626693,0.504732065,1.240998914,1.963344472,1.122882174,5.831399856,3.29849486,3.205786984,5.596230165,2.379527221,1.075492007,4.230925093,3.615888904,3.268828578,4.312809885,9.758002342,5.486977468,6.991443605,11.15829668,5.728561474,6.298059782,14.09248076,5.862480443,5.953623412,14.72499739,6.05682713,5.678893551,11.72630246,6.696183644,4.733546727,8.55860738,5.98044572,4.754688299,7.686803456,6.900325263,4.923638892,6.377670828,7.144723507,4.801144988,5.530365557,8.706510641,4.24065278,4.561206827,10.17774881,4.569532249,4.113579176,11.00941976,3.873041731,-1.680602184,-3.501844252,0.895245469,3.80708282,7.301583972,4.573234722,3.975585389,7.881615878,7.785422179,3.753729293,-1.937324863,-2.726009725,1.401625165,3.271696342,-5.992245698,-1.869823726,-5.070693102,0.125013523,-0.020312032,0.074892364,-0.053843919,0.064437483,-0.019180254,-0.184172094,-0.293967025,-0.519985674,-1.212239375,0.232898471,0.142927476,0.064716529,0.069612214,0.285053605,-5.265189694,-6.748593118,-3.433903306,-4.42235626,-5.162575167,0.477682029,1.882368122,3.900191461,-0.785878896,1.435561693,9.46516175,3.662681084,-3.942511179,-8.989514469,-4.144443429,-3.530533023,-5.632084209,0,-3.722247469,-7.163091073,-0.678507219,-3.98994031,0,1.547284983,1.30893825,1.776986371,3.145176908,-1.430386784,1.534344652,8.056215622,3.466833812,3.176029715,5.687849062,1.981584488,2.401111609,-7.850804264,2.676183028,-1.894119884,-6.452206318,-3.261129662,-1.795286538,3.280185996,0.242404874,1.697120118,3.381532124,7.001398538,4.303372379,4.31749019,6.541960594,4.738260778,-5.311233447,-10.60378541,-3.678512064,-3.840786896,0,0
16,0,0,0,0.874132803,1.33379791,0,0,0,0,0,0,0,0.753284081,0,1.035073832,0,0,0,0,0,0.518568254,-1.362180205,-0.514883877,0.98628038,3.288425376,0,0.75434664,0,4.720609736,0,-3.932743376,0,0.732451231,0,0.622604402,0,3.247440517,0,1.224050496,0,0,-0.489330488,-0.520468784,0,1.261931782,0,0,0,0.755707848,0,0,0,0.452565829,0,-0.969602182,0,0,0,0,0,0,0,0,0.773656439,0.8279986,0,0,0,0,0,0,0,0.344557079,0,0.060588909,0,0,0,0,0,0.613465391,0,0.472053907,-0.562076404,1.025250963,-0.973891696,0,0,-0.509641036,0.497237331,1.812928926,-0.25932424,0,0.435483037,3.138419861,2.503102414,5.374427269,4.649261104,3.099180195,4.509611312,4.66074133,2.851424949,-0.499515105,0,0,3.137490227,5.622444863,0,0,4.337870028,2.667058844,2.559181483,6.052056035,-0.373395391,-1.207428314,-2.430103768,0.068654427,-0.157755634,-0.194331017,0.736407965,0,0,5.198889925,0,-6.785611752,10.67695574,7.359749082,3.657469446,10.92041503,6.19658656,7.734853645,-5.959021281,-3.092923607,-5.015980724,0,0,0.480513161,-0.952056905,-3.218971289,-0.289449498,0.442478314,0.372740365,-0.022884626,0.40913852,0.418979215,0.266885593,-0.38632788,0,-0.290546922,-0.667196258,0.554146006,-5.99E-05,-9.03E-05,0.000556072,-0.000234363,0,-0.000555353,0.000248378,-0.000223584,0.001341697,2.133177603,0.937667173,3.000255968,3.692510946,1.712480983,4.587509619,0,0,-0.628990258,0.818694415,0.000436152,-0.476906606,0.630361056,-0.680895688,0.587194321,2.07780851,-0.860238743,0.860625795,-2.079809423,0.909748734,-0.826337279,1.681411261,-0.98230924,0.823506175,-1.387543572,1.07581771,-0.792824148,0.001130042,0.006429814,0.004036839,0,-0.042980584,0.000674939,-0.055996374,-0.055800497,0.481509349,0.534915925,1.195950283,0.501626693,0.504732065,1.240998914,2.072881235,1.672977775,5.180858398,1.973742853,3.672824155,2.860409033,2.441735197,1.60237135,3.758929989,2.419555487,3.614716793,2.204412612,9.262799683,5.489180286,6.685275472,11.14603345,5.54304646,6.28884785,13.55153649,5.860084175,5.793695829,14.64262792,6.07712027,5.653215367,11.42800567,6.702968347,3.921269259,8.09847042,5.179579718,4.50979986,6.610886802,5.95292557,4.232592599,5.363806594,6.641378898,4.550299546,4.808660757,9.128707357,4.122237179,5.076739163,9.866674667,4.232644363,-0.805117672,-5.410457564,-1.821057196,-2.133800887,0,-0.895245469,-0.471359383,0,4.100730287,3.629157013,5.419182007,5.159976167,4.313040337,3.312362506,0,1.728876477,-3.371239178,8.075600379,-4.318072644,-5.402913773,0.083245511,-0.014329193,0.036280032,-0.039096718,0.039049853,-0.013316919,-0.985473092,-0.547541509,-0.440850609,-0.778865416,-0.107924011,-0.075408212,-0.011011459,0.089288499,-0.04468275,1.03051311,3.31652144,1.614579641,-3.507231962,0,-1.514216207,2.389975929,0,0.785878896,1.620964583,0,-1.350390297,0.488126927,0,-3.716241506,-3.314766586,0,-2.382250626,2.926879513,-3.087550022,-4.144677942,-2.813463094,-5.630154652,-2.676363297,-3.279356066,-3.038222005,0,-1.764353356,3.631163675,0,1.148121225,0,0,0.520462244,2.747472096,10.14983864,1.925814161,-3.010491417,-4.793154269,1.247958,1.0641907,4.411270395,-2.140459689,-1.094882534,4.713543682,6.015140492,4.481226948,5.74471177,8.670787311,4.589866654,-4.721442727,-9.426278475,-3.515704,-4.500894112,-0.818960903,0
17,0,0,0,0,1.33379791,0,0,0,0,0,0.732412974,0,-0.753284081,0,0.353494891,0,0,0,1.066581764,0,0,0,0,0.781608709,4.056206624,0,0,0,0,0,0,0,-0.462125275,0,0.607636859,0,0.606142603,0,0,0,0,0,0,-0.783201855,1.385592785,0,0,0.546536277,0,2.11108473,1.375318566,0,-0.452565829,0.38295174,0.384531054,0.684185985,0,0.735904895,0.966460417,1.722510023,0,0,0,-0.488122867,-0.522408952,0,-0.511351504,0,1.786986705,0,1.109150444,0,-0.344557079,0,-0.957913146,0,-0.732642561,0,-3.958923275,0,0,-0.852339705,0.472053907,-0.562076404,1.025250963,-0.486945848,0,0,0,-0.497237331,1.1438308,0.25932424,0,0,0.928460944,0.74051049,0,4.404199421,2.931182712,4.346828021,3.959652299,2.446956216,-0.5465095,-1.727809315,-0.366825955,1.311533023,2.350293251,2.197542437,3.62950471,6.285798866,2.142214267,2.793488995,6.069073589,-0.225710436,0,-0.690683819,0.166439631,0.102410113,-0.378750527,-0.070542879,0,3.139534313,-5.669755099,0,0,-10.35384761,6.646930318,1.593652786,10.48791876,6.009064239,7.462979691,-5.122577147,5.069683035,4.042152038,0,0,0.480513161,-0.952056905,0.918510608,-0.345096566,0.333285005,-0.372740365,-0.102880607,-0.40913852,-0.722966926,0.270947852,0.259396441,0.493983866,0.19825646,0.320579737,0.214176775,0.000179878,6.17E-05,0.000267663,0,0.000233226,-0.000556069,0.000248698,-0.000223872,0.000447953,0,0.743083654,4.528196202,1.00336049,2.584596103,1.117280295,0,0.462970576,0.628990258,0,0.000218322,0.494641604,0.114279372,0.075635776,-0.201241655,1.731923624,-0.864076942,0.708128327,-2.091519129,0.760112148,-0.836420673,1.225654647,-1.019257008,0.56014639,-1.456021692,0.88518959,-0.797287893,0.034972631,0.011102499,-0.023683684,0.023299197,0.305884737,0.066247708,0.081551255,0.003536103,0.481509349,0.534915925,1.195950283,0.501626693,0.504732065,1.233598874,1.59171176,1.789529058,5.831399856,2.826565354,2.776500894,5.444734365,1.981145174,0.734137506,4.230925093,4.114369884,2.732574167,5.015139236,8.726399915,5.574699625,6.314709655,11.32768895,5.222575816,6.38215409,12.75803529,5.962486937,5.552088149,14.8573959,5.784334239,5.631481795,11.1612113,6.599899332,4.150055432,5.1528434,5.552049878,2.641763379,5.935234545,6.727494629,3.796567978,6.221277906,6.585144133,4.010100082,4.965974938,8.940587476,4.190039095,4.907706115,10.75466495,4.578167758,-2.721490127,6.731857906,4.574446061,2.133800887,5.526364253,-5.523019782,-2.491323931,4.395015697,4.619171328,-0.927396545,-6.049273571,-4.276729798,-3.123069728,2.692833127,4.352531071,-3.650664118,1.946000532,8.459154378,4.297862363,4.945836652,-0.141397143,0.008062745,-0.06096431,0.025725521,-0.054144,0.009624633,1.541273672,0.954562748,1.084911733,-1.727023035,-0.479610937,-0.353117792,-0.025722157,-0.003891969,-0.180012246,3.483380568,-4.126518102,2.50046694,3.69135865,5.597258873,3.045241771,-2.389975929,-6.155007796,-1.571757792,0,-2.086549722,0.522402277,2.579947144,-5.411025519,2.069841261,2.944859625,5.79466192,3.876556529,-1.857221645,4.73308268,4.936902937,1.710244621,-1.037636562,2.452388676,-1.205247069,-2.469966632,-5.021801681,2.690965768,-2.36212643,-8.066730967,0.494468898,1.839462059,3.461188188,1.461122244,-2.300088041,-9.430104728,-3.301553321,2.323559762,4.455007639,0.702625477,0.555901096,-4.19453445,-2.172148858,-0.929094061,4.796859196,6.781840909,4.120347467,3.361967085,6.90461754,3.911805275,-3.318436033,-9.709144397,-4.418496862,-4.613415574,0.818960903,0
18,0,-0.779546083,-1.713582909,-0.874132803,1.103167546,0,0,0,0,0,0,0,0.753284081,0,0.079143315,0,-2.835049841,0,0,0,0,-2.159004543,-0.816071637,-0.781608709,2.545162423,0,0,0,0,0,0,0,0.462125275,0,-0.510493449,0,-1.566855898,0,0,0,0,0,0,1.769919499,1.113386241,0,0,0.546536277,0,1.441039514,2.601646328,0,-0.452565829,0.38295174,0.303568952,0.42617032,0,0.464304294,2.109452889,-0.861255011,0,0,0,0,0.305589647,0,0.511351504,0,1.786986705,0,0,0,0.344557079,0,0.135504517,0,-0.46224599,0,0,0,0,0,0.472053907,0,1.025250963,-0.973891696,0.524389338,0,0,0,1.812928926,0,-0.229096635,0.435483037,2.720341396,2.16965652,0,2.233962894,1.710870908,2.734130818,4.51049311,2.759865025,-1.339618274,-2.381405794,-0.722283495,5.452375969,9.770766132,4.257966944,3.146503125,10.23836288,3.305745277,2.841245525,6.318249045,-0.02253312,0,-0.186561829,0.564013798,0.418709868,-0.054584444,0.68691,4.483688212,0,-4.469677924,0,0,0,7.34235476,5.50369583,10.61247298,6.228921935,7.715324196,10.81009436,3.949822519,4.260953969,0,0,0.480513161,-0.952056905,2.691187439,-0.458404406,0.033102781,0.372740365,-0.25758567,-0.40913852,-0.318577009,0.270947852,0.025763966,-0.155132945,-0.213983834,-0.483430641,-0.888220377,0,-0.000110875,0.000471359,0,0,-0.000555353,0,-0.000223584,0.001341697,0,0.468833587,4.089912204,0.633049987,2.33443311,4.789556196,0,0,0,0,0.000218041,-0.212742698,-0.164312827,-0.273669042,-0.38292205,1.990984283,-0.96536943,0.825796589,-2.160084932,0.888794554,-0.826273789,1.630571939,-0.986847201,0.787247065,-1.40890579,1.032279767,-0.823425203,-0.003949373,-0.305007709,-0.038517894,-0.130768533,-0.009352178,0.012947988,-0.009127821,0.000121889,0.481509349,0.534915925,1.195950283,0.501626693,0.504732065,1.23730274,1.835472663,0,5.783115326,2.826565354,2.988331769,4.096345711,0,0,4.195892642,3.465006449,3.131015438,3.156903801,9.619737828,5.360993654,6.950221478,11.08387857,5.743409376,6.303762123,14.09469325,5.830645849,5.978322896,14.65828578,6.118743753,5.632947714,11.47362349,6.687377594,4.491798186,6.347104822,5.920806887,4.272453176,6.809928233,5.99652134,4.35149464,5.542324132,7.458051447,4.353307184,4.955245481,8.958192426,4.169060111,5.134932051,9.809997275,4.296989055,1.313090366,8.637213992,2.347460778,-4.204447961,-7.856707855,2.771593379,-2.473659877,5.753923011,-0.61722141,3.573889114,7.475212585,6.955875046,4.865487066,-5.588947186,-6.100225879,2.314642074,-5.3539906,-8.46160511,-4.803276438,-4.810560501,0.129234366,-0.029549833,0.071632008,-0.080529508,0.078716995,-0.027191306,1.261869019,0.159756198,-0.152300972,-0.272467859,0.277429227,0.145560015,0.125005295,0.209261018,0.288925681,-1.680694492,-5.294470024,-2.081297824,-2.502179366,-7.259073267,-1.818705024,4.709216069,8.750436251,-2.433005047,0,3.056740093,-1.567206831,2.561654732,-7.084075779,0.559350082,-2.195521379,-5.85193347,-3.287998792,-3.342846829,-4.408683357,-2.347249327,-2.977756779,0,-7.324541947,-1.082606432,5.12639009,7.038232255,-2.362138975,-0.546544593,-4.956746961,0.988937795,2.139609223,1.338970367,0,-1.625534533,-5.112863803,0.556685136,0,-5.549946847,-2.625462284,-1.107310843,3.90392766,2.835241762,0.10987841,3.459749717,6.015140492,4.019669626,5.155447,8.670787311,4.589866654,-5.197815163,-10.37734778,-2.443091086,-3.670796675,-0.818960903,0
19,0,0,0,0,-1.103167546,0,0,0,0,0,0,0,0.753284081,0,-0.325565407,0,0,0,-4.684765664,0,0,0,0,-0.781608709,-2.545162423,0,0,0,0,0,1.780277537,0,-0.462125275,0,0.24713595,0,0,0,0.750523126,0,0,0,0.520468784,1.338892415,1.440450864,0,0,0,0,5.303232718,0,0,0.452565829,0.38295174,-0.649474894,-1.186418578,0,2.255581435,0,0,0,0.327204184,0.607569708,0.645263331,1.133588247,0,0,0,0,0,0,0,-0.589024217,0,-0.877138793,0,0,0,0,0,0.613465391,0,0.748187741,0,1.624984331,-0.973891696,0.524389338,0,-0.509641036,0.497237331,2.655892871,-0.25932424,-0.338249096,0.181395886,2.902136663,2.314650559,2.212247645,2.743142078,2.521088973,3.749657951,4.745645586,2.832425635,-0.800258647,-0.842736666,0,3.776846607,6.768184206,1.797670375,0,5.854654112,2.687311367,2.245784397,6.159258292,-0.17714635,-0.222572109,-1.862873154,0.253195611,-0.147667903,-0.690310427,0.323888954,3.262809883,-2.948232901,0,0,-6.361061273,10.62176025,7.833409139,4.005076245,10.2371653,6.164552745,7.738199587,8.579050687,4.360012318,5.309230101,0,0,0.480513161,-0.952056905,-2.264104327,-0.386774661,0.237258117,0.372740365,-0.16095225,-0.155547246,0.418979215,0.265425179,-0.090893325,-0.609334696,-0.388241086,-0.805788551,0.29166766,-0.000119847,-0.000289659,6.21E-05,-0.000234514,0,-0.001111242,0,-0.000447384,0.001342561,1.729397935,0.468833587,3.855184976,0.633049987,2.200455904,5.543664417,0,0,-0.628990258,0,0.000654756,-0.604614638,0.332356889,-0.517782494,-0.047334109,1.929700682,-0.920491459,0.807068067,-2.207700232,0.856067078,-0.874695412,1.619641408,-1.051682514,0.784455026,-1.50117054,1.008868343,-0.841576174,-0.031790871,-0.028663918,-0.004206159,-0.011263248,-0.1282491,0.03428037,-0.018539261,-0.001115683,0.481509349,0.534915925,1.195950283,0.501626693,0.510775041,1.240998914,1.231946752,1.45079709,5.707473273,2.681787161,2.717495805,6.277774815,1.45116261,1.197326702,4.141011161,3.926975154,2.674502591,4.842802392,9.129760604,5.628516052,6.578486205,11.45866026,5.451578472,6.466713752,13.33589695,6.012656697,5.856871384,14.720298,6.072763071,5.626823069,11.16937327,6.747590091,3.845492186,7.331054557,4.914409864,4.140153738,6.625406904,6.031051049,4.239591191,5.565231818,5.980580269,4.131650052,4.922691242,7.599420084,4.132117229,4.21227558,10.01376618,4.154604912,2.83700845,3.292389023,3.768981919,-2.755681127,-4.137575138,3.590980622,2.398023348,3.024495155,4.541238624,2.415614526,-7.085340501,5.902444979,4.091092032,-3.606628904,-2.497880384,3.02551698,2.100087279,9.618624232,-3.910096594,4.532498661,-0.276777334,0.145429824,-0.120782267,0.44502678,-0.1519514,0.140819257,-0.52029014,-0.433882591,-0.38527865,-1.129934475,-0.329320201,-0.259977759,0.024918025,0.010834347,-0.335044449,-3.631238639,-2.018180284,-3.341642144,-3.068552059,5.744801837,-1.514216207,3.086516461,4.608238991,-3.152292844,0,6.259649167,-0.522402277,-2.483327604,-3.723677364,-4.115447319,2.668301174,5.979488715,-4.254439448,-3.280823448,-2.347117036,-1.904810581,-1.073133286,4.039300466,3.022536575,0.466253212,3.308134082,2.881969067,-3.087601172,-1.093089185,5.224632258,3.202048771,2.517749929,7.810066883,2.981166336,2.549166058,-5.262334093,-1.562812756,1.752269113,-3.492086626,-1.656769087,0.537365103,3.191093466,1.475824843,-1.390184223,4.576923469,7.37582655,4.481226948,3.857504854,6.676951723,4.530745807,-4.039373543,-9.226723971,-3.193415365,-3.524674509,0,0
20,0,0,1.713582909,1.548302264,1.103167546,0,0,0,0,0,0.732412974,0,-0.753284081,0,0.916137027,0,0,0,1.066581764,0,0,0,0.816071637,1.38441954,2.833485428,0,0,0,0,0,0,0,0.462125275,0,-0.366703987,0,0,0,0,0,1.052419258,0.489330488,0.688022308,2.677784829,1.326341546,0,1.111573215,0,3.005633623,0,0,0.738996299,-0.452565829,-0.38295174,0.7749819,1.137763177,3.940416933,0,-2.185997683,0,0,0,1.038647276,0.488122867,1.044817905,0,0,0,0,0,0,0,-0.344557079,0,-0.012112095,0,0,0,-4.484747049,0,0,-0.852339705,0,-1.124152808,0,-1.130653245,0,0,0,0.994474662,2.655892871,0.25932424,0.396920795,0.836067897,3.501452531,2.792645557,0,2.83638332,2.004848521,4.593767827,4.596699249,2.86395204,-0.409721923,-1.887054218,-0.385253598,3.20404976,5.741720868,2.602694073,2.444574823,6.511532125,2.863955762,2.770409171,5.999358637,-0.455507472,0,-0.627616726,-0.260700567,0.041403722,0.758616781,0.944744485,0,0,0,0,0,12.06982317,7.831654554,3.871614921,11.12726298,6.2368242,7.736229649,7.757343629,5.285990033,5.602861577,0,0,0.480513161,-0.952056905,3.463927389,-0.249349801,0.510392774,-0.372740365,0.034828922,-0.40913852,-0.045933335,-0.16380054,0.397239802,-0.446950404,0.298753488,0.435044411,1.914529884,7.48E-05,0.000338625,0.001373908,0,0.000232851,0,0.000744654,0,0.001788067,2.066608916,1.486167308,2.90662893,3.01008147,1.659040702,5.499052337,0,0,0.628990258,1.63738883,0.000872305,0.361605817,1.741689262,0.693459813,1.192167586,1.807988703,-0.68304147,0.744809664,-1.721628059,0.790456456,-0.676670143,1.444707882,-0.852979253,0.695160755,-1.257174106,0.931042773,-0.656285275,0.01673508,0.105121422,-0.004596479,-0.025293007,0.005327362,0.100723489,0.000945595,0.126326561,0.481509349,0.534915925,1.195950283,0.501626693,0.510775041,1.240998914,1.59171176,1.606481204,4.936099426,3.169113096,3.575783075,4.592776466,1.874945154,0.926378392,4.213557317,1.398816773,3.519210989,1.274436297,9.328799741,5.411731283,6.740571353,10.90029276,5.582307036,6.159832339,13.69082795,5.726094575,5.866168537,14.50970691,6.09084657,5.694003393,11.40168435,6.735265186,4.526401825,8.110028052,6.004995359,4.335564473,6.090822533,6.808753988,3.900703007,6.258387112,7.688485323,4.333859641,5.381970102,8.600463524,4.032596171,4.738668101,9.824752309,4.129310007,-2.492566437,-1.273669936,-1.668659876,3.654968808,-5.653434144,4.54067891,-2.335206918,4.179665125,-1.95654558,-1.604132465,5.64143303,6.755874777,4.265759956,5.012215393,-4.073867439,3.97676224,4.438892146,-8.618554829,-5.015101288,-5.698002204,0.027444977,-0.087149335,0.012958724,-0.19874949,0.014468934,-0.069197999,-0.09361601,0.159466599,0.094741033,0.597927348,0.036346489,0.079328124,-0.085329023,-0.06516882,0.152154662,3.19036891,0.780738708,1.479461638,0.933598902,-0.919473189,0,-4.093768789,6.296532338,-3.985972397,1.022714785,-7.957241175,-1.350390297,2.418276622,-5.145891666,1.77309781,0.749338247,0,0.609756165,2.633737781,5.809059629,2.150816998,-2.684004678,-5.164569144,-2.452388676,2.719603705,-4.597390253,4.700289101,-4.058366167,4.732098668,-6.240861692,-1.278183558,2.711966122,-11.70456526,-2.625416685,3.555890474,-7.331256825,-2.275429807,-2.958580935,3.497264965,2.59825953,1.390086244,-4.131228072,-3.347249856,-1.471046868,5.172219303,6.616131317,4.481226948,5.157576849,7.784594542,4.120762005,-4.33100313,-8.646772595,-4.310729477,-4.684485921,-1.033413601,0
21,0,0.779546083,1.713582909,0.874132803,-0.753029001,0,0,0,0,0,0,0,-0.753284081,0,0.778453354,0,-0.474304345,0,0,0,0,0,0,0,-1.737343636,0,0,0,2.434797906,0,0,0,0.462125275,0,-0.202350575,0,-0.960713296,0,-0.473527371,0,0,0,-0.520468784,2.677784829,1.440450864,-0.494473493,-1.111573215,0,0,2.11108473,0.938800973,2.848128561,-0.452565829,0.38295174,0.415574282,0.463835062,-4.299832554,-2.070533248,0.609768633,4.306275056,0,0,0.607569708,0.976245733,1.044817905,0,0.511351504,0,1.786986705,0,0,0,0.344557079,0,-1.441362141,0,0,0,2.0610995,0,0,0,0,-1.124152808,0,-1.258736757,-0.524389338,0,0,0.994474662,2.655892871,0,0.396920795,0.873850284,1.360170698,1.08482826,4.846114567,1.812877784,3.724801527,4.584615496,4.939730181,2.800315348,-1.275017237,-0.176607649,-0.431916824,3.880701658,6.954294522,1.797670375,1.821081251,7.180647791,2.591413247,1.645668122,6.213722227,-0.025731073,-0.725513891,-0.49057339,-0.514630508,-0.37752418,0.513817224,0.907680002,-3.199720997,0,0,0,0,12.0055973,7.82103076,3.92763508,10.95990477,6.199552836,7.724301916,6.623884222,-4.800910843,5.656530202,0,0,0.480513161,-0.952056905,-3.84551546,-0.45691254,0.037987617,-0.372740365,-0.25561013,0.305554345,-0.121708731,0.270947852,-0.540118477,0.466562927,-0.114567967,0.026990254,1.636070834,0,0.000371573,0.001464982,0,0,0,0.000744894,0,0.002235443,0.576465978,0,0.810783636,3.626059968,0.4627777,5.403489845,0,0,0,1.63738883,0.000872586,-0.070516634,1.8670545,-0.031986901,0.845442733,1.958765803,-1.000947021,0.803349269,-2.385429022,0.837738541,-0.946731324,1.552998299,-1.135588994,0.773592081,-1.629635061,1.004219692,-0.909326456,0.034625985,-0.067656185,0.032531813,-0.005267987,-0.047425451,0.032691593,-0.092883526,0.038639609,0.481509349,0.534915925,1.195950283,0.501626693,0.510775041,1.240998914,0.530570587,0,4.584507175,2.994150648,2.182818634,6.492168759,0,1.714003698,3.326252173,2.971036129,2.148284492,4.688365667,9.222286455,5.315247263,6.684430235,10.8400651,5.559884994,6.117659548,13.56517803,5.686311646,5.789730362,14.29377193,5.965177969,5.748359217,11.08939241,6.748212571,4.244110663,5.607435373,5.593068251,3.384802131,6.785486046,5.663131424,4.441321319,5.278412909,7.164962768,3.248276587,5.074017916,6.982577813,4.163525007,4.50518583,10.07070774,4.280040394,1.179476071,-7.981817612,3.096644373,-2.79574149,-2.841773095,3.389022019,-3.138410459,-5.287047082,3.55203978,2.905898093,5.104850871,6.319183952,4.569163192,-3.903318336,-2.03693372,2.519335933,-3.40197483,-7.01897291,-5.091083696,-5.037894407,0.140508361,-0.013412873,0.069837018,-0.025162977,0.081640956,-0.009284541,1.411113461,0.631809513,0.561367433,1.203760844,0.078540877,0.065330438,-0.010242144,0.045966694,0.07228066,-1.509674418,4.89272283,-2.745536478,-4.017326335,3.905855458,-3.251751112,3.131386301,3.165034868,-2.975006268,-1.946919085,7.467556814,2.135299896,3.250052312,6.50927065,-3.218996798,-3.672640595,3.658679375,-4.15082663,-1.303470082,-4.241141249,1.904810581,2.197582285,3.384624686,2.862817404,2.309909943,3.580268657,2.35014455,-2.571033192,-2.472328327,6.240861692,2.296242451,2.3210621,-3.75896505,-0.82491314,2.114869187,-4.548685912,2.832114943,3.436590655,-2.831447658,2.617462999,1.152845419,2.796142358,-2.307731688,-1.636966538,4.389493802,7.37582655,4.481226948,4.323125578,6.676951723,4.530745807,-4.264815011,-8.514629164,-3.375755556,-4.256485888,-0.818960903,0
22,0,0,-1.713582909,-1.548302264,-1.643605028,0,-0.949546252,0.737641391,0,1.052289343,0.732412974,1.059850465,-0.753284081,0.465009902,-0.251489522,-0.376579849,-1.422913036,0,1.066581764,-0.777533516,0,-2.159004543,-0.816071637,-1.705984766,-4.282506059,0,0,0,0,0,0,0,0.462125275,0.673558296,-0.432532826,-0.07972519,-3.915336694,-4.88695863,2.251569377,0,0.615625801,0.286239986,0.520468784,0,-1.191378868,-0.289248451,0,0,0,0,0,0,-0.452565829,0,0.732856615,0.909208328,0,0,-2.025607553,2.861027219,0,0,0,-0.773656439,-1.044817905,0,0,0,0,0,0,0,0.344557079,0,-0.815755127,0,-1.465285121,0,0,0,0.613465391,0,0.944107814,0,2.380559016,0,-0.524389338,-1.29463836,-0.509641036,-1.154549329,-2.956759726,-0.25932424,-0.396920795,-0.836067897,0,0,2.212247645,1.499408509,1.710870908,2.345920712,3.642566321,2.510153976,-0.854091317,-1.607232823,0,1.311533023,2.350293251,3.248296101,0,8.871619099,3.144226951,3.14015072,6.600032492,0,-0.038102076,-1.302002314,-0.514417065,-0.46163408,-1.499151358,-1.300933556,-1.073806755,0,0,-4.361582579,-6.371360522,-12.25226681,-7.885925707,1.318090259,10.25374038,6.141565715,7.627038537,-8.414569621,4.264336358,5.314727574,0,0,0.480513161,-0.952056905,-0.167773622,-0.468266862,0,-0.372740365,-0.270608578,-0.371056274,0.418979215,0.270947852,-0.048751195,-0.793212233,-0.545467435,-0.61350514,-2.219105435,-0.000149902,-0.000472742,-0.001493138,-0.000234665,0,-0.001667669,0,-0.000895057,0,1.914978529,0,4.343815493,0,3.179451585,0,0,-0.462970576,-0.628990258,-1.63738883,-0.000871463,-0.467630745,-1.994227492,-0.481594841,-1.035114855,2.173813725,-0.799191205,0.917281131,-1.930776853,0.976583807,-0.760427943,1.825898115,-0.90047987,0.887629076,-1.28817154,1.146639215,-0.736012875,-0.079039887,0.00299245,-0.016532066,-0.025945581,-0.10934533,-0.00785394,-0.0384635,0.009064569,0.481509349,0.534915925,1.195950283,0.501626693,0.504732065,1.233598874,2.020070535,1.122882174,5.356916469,3.015531452,2.550585405,4.370201211,2.240536023,1.075492007,3.886667501,3.696654639,2.775647312,3.367954217,9.125374076,5.494953518,6.558736651,11.17004795,5.431851659,6.313697447,13.29419031,5.875897014,5.76709152,14.56927558,6.075507929,5.67140168,11.78544231,6.742410884,3.741207426,7.001692131,4.574956759,3.873152934,6.223517528,7.035296335,3.982279885,6.504061003,5.589198181,3.980410633,4.676481365,7.933727566,3.902126644,5.018371,10.1129762,4.564870229,3.238345957,5.839728895,3.288931424,1.363821383,-5.71304987,-2.518851991,3.02112656,3.868156743,4.21740601,-3.29621051,-5.277191529,-6.362904833,-4.833939266,1.499443009,-4.469834455,-2.113446091,5.201700107,7.29083457,3.619261907,5.017788152,-0.167199755,0.09869682,-0.068264318,0.247980099,-0.057766412,0.083142215,-0.390079336,-0.42408985,-0.463978589,-1.258095678,-0.202333498,-0.169456085,0.032553929,-0.179033742,-0.078516006,-4.14493195,-3.579657701,-2.91602138,-3.068552059,-4.555250681,0.757108103,-1.527555967,6.362929564,2.211139503,-1.892247205,10.54651072,1.988970881,-3.128596303,-4.762370896,-3.821977591,-2.917015879,-5.167714416,0,1.471813331,1.173558518,-2.347249327,-1.5988571,2.264806095,2.773479321,-0.932506424,-1.37534486,5.157142319,2.156814412,-1.95934187,8.904638471,1.882618591,1.839462059,6.504692596,1.981584488,0.489334653,2.954647904,1.562812756,3.172859026,-3.973263215,-2.927313508,-1.293565169,3.921044793,3.318930198,1.574256754,2.363423078,6.871856103,4.303372379,4.772177291,8.95112092,4.738260778,-3.925286472,-9.497988054,-1.767873007,-2.811006855,0,0
23,0,0.779546083,1.713582909,1.280581411,1.506058001,0,0,0,0,0,0,0,-0.753284081,0,0.34057005,0,0,0,-5.714267267,0,0,0,1.195523339,1.38441954,4.056206624,0,0,0,0,0,0,0,-0.462125275,0,0.517606013,0,0.606142603,0,0,0,0,0,0.824923505,3.460986684,1.839440496,0,1.761801862,-0.546536277,1.107091987,0,0,1.308942575,0.452565829,-0.38295174,0.715712761,0.151223676,1.173524513,-1.078081184,-1.57622905,-4.51980387,0,0,-1.038647276,0.488122867,0.8279986,0,0,0,0,0,0,0,0.344557079,0,-0.747024602,0,0,0,0,0,0,0,0.748187741,-0.562076404,1.624984331,-0.973891696,-0.524389338,-1.29463836,-0.509641036,0.497237331,1.812928926,0,-0.147777187,0.181395886,1.360170698,1.08482826,3.220996381,2.639520396,1.494596768,3.209058291,4.373368545,2.577424801,-0.924629849,0,-0.071717818,2.685781697,4.812974195,0,0.834340959,4.5961775,1.93051281,2.981822933,6.510127441,-0.100705377,-0.929618512,-1.419720935,-0.299802943,-0.338868063,-0.856326692,0.557846598,-2.291134456,0,3.067432307,-3.072246994,-5.668387218,10.75431898,7.276983619,2.812351474,9.12241125,6.241485876,7.641928935,4.896276556,-5.015385552,5.370900062,0,0,0.480513161,-0.952056905,-2.755531824,-0.421657605,0.145003817,-0.372740365,-0.208479763,0.40913852,0.339453071,-0.232752335,-0.562785874,0.125678538,-0.211829906,-0.513759502,1.380324478,0,-7.40E-05,0.000983783,0,0,-0.001111242,0.000248538,-0.000447384,0.001342561,0.576465978,0,4.22373954,3.739357013,2.410818849,4.363364438,0,0,0,0.818694415,0.000654756,-0.117361531,0.86720476,0.161964772,0.362046392,1.71281454,-0.964224764,0.72017656,-2.32725885,0.785129141,-0.925553019,1.436564738,-1.106056547,0.69432691,-1.574118851,0.900250378,-0.887151964,-0.039056116,-0.000337634,-0.051799803,0.004451651,0.001589929,0.018616452,-0.00954517,-0.021933327,0.481509349,0.534915925,1.195950283,0.501626693,0.504732065,1.233598874,2.020070535,1.357634117,5.253913243,2.878026779,3.300824722,6.09800445,2.379527221,0.734137506,3.811934343,3.558214178,3.248602724,3.241823653,8.919069848,5.616370024,6.416202047,11.41648821,5.283573939,6.440492727,12.99291598,6.02698031,5.524132324,15.13006235,5.722022992,5.744974315,11.09050241,6.647258381,4.380258999,6.979850918,5.705932654,3.881257159,6.285271927,5.344275705,4.020415578,4.935021951,7.208700393,3.901995983,5.149051876,7.887085338,4.29791864,4.640021728,10.72837573,4.51561373,2.881437185,8.462079888,-0.834329938,-1.127999585,2.616654142,1.694511009,2.72509815,5.732187677,-0.61722141,3.551099434,6.451727432,6.188953472,-3.381054588,1.812919497,2.03693372,-4.0074467,-5.165028962,8.09504674,4.380250465,5.220691609,0.119158447,-0.053457757,0.058642895,-0.164934355,0.050449724,-0.068197309,0.747411312,0.36217689,0.225307048,0.429375445,-0.424043142,-0.330323286,0.024408474,0.179956514,0.080664512,-3.68810535,-5.187115701,0.739730819,0.933598902,-1.838946378,-2.506840663,1.263422408,-2.914307836,-1.487503134,-1.187335096,0,0,-2.822037352,-7.057315818,0.559350082,-2.444236084,-1.722571472,-3.287998792,-0.928610823,-4.653919137,-0.678507219,-1.8486934,-4.653778797,-3.832776777,-2.241444674,-1.662877145,-2.35014455,4.089680278,3.615233897,-4.634954596,1.710581339,1.953572715,8.876512066,0.82491314,0,-5.48277681,-5.453309641,1.501054494,-4.349462938,-1.661141402,1.016880605,-3.617990896,-2.467159148,-1.511681491,4.013221942,6.632764937,4.120347467,5.109455738,8.559101215,4.530745807,-3.902654796,-9.494088363,-4.83077689,-5.04388303,-0.516706801,0
24,0,0,-1.713582909,-1.548302264,-0.753029001,-1.409533543,0,0,0,0,0,4.165156197,-0.753284081,0.465009902,0.711788002,-1.626697939,0,-1.6622404,0,2.574470708,0,-1.362180205,-1.029767753,-1.47942057,1.096141792,0,0,0,0,1.307707523,0,0,0.732451231,1.067564641,0.625900278,0.419246979,-0.606142603,-1.379527417,2.553409891,1.849297852,0.615625801,0.286239986,0,-1.338892415,1.584173943,-0.494473493,0,-0.546536277,0,0,0,0.738996299,0.452565829,0.38295174,0.639527608,-0.452587302,0,-1.078081184,-0.609768633,0.861255011,-0.472777286,-0.559359246,-1.038647276,-0.488122867,0.522408952,0,-0.511351504,0,0,0,2.098144567,0,0.344557079,0,-1.753708975,0,-1.599108394,0,2.539840161,0,0,0,0.472053907,-0.328793619,2.050501926,-0.771790909,-0.524389338,0,0,-0.497237331,1.1438308,0,-0.109745291,-0.181395886,1.360170698,1.08482826,4.221850152,2.389596307,2.017927751,2.699714403,3.247600836,2.603696555,-0.755138854,-0.05663016,-0.342155774,2.206793588,3.954617982,0.769973395,1.947950453,3.575445711,1.978028438,2.541528077,6.485498355,-0.165134703,-0.898116937,-0.683016842,-0.477856367,-0.275740804,-0.635226392,-0.37586681,-1.964510989,0,0,0,0,-9.744622837,6.814754044,2.411423459,8.713575608,5.65548836,7.651407281,-5.819872257,-4.006526028,-6.031786986,0,0,0.480513161,-0.952056905,-2.214909881,-0.388696615,0.232480714,-0.372740365,-0.163595433,0.376585382,0,0.232752335,-0.494311448,0.445174018,0.114397685,0.165177865,-0.922430985,0,-4.32E-05,9.92E-05,0,0,-0.00055589,0.000124319,-0.000671185,0.000895473,0.576465978,0,4.665968612,0,3.054292488,4.973447662,0,0,0,-0.818694415,0.000436574,-0.059636788,-0.652767311,0.007160528,-0.135464007,1.963912488,-0.789554633,0.821384228,-1.904108164,0.862022318,-0.757923182,1.587952832,-0.904325062,0.766029251,-1.291251391,1.026764133,-0.725846761,-0.03300853,-0.002908537,0.020078276,0.005412807,-0.025182214,0.008643265,-0.006206715,0.000666638,0.481509349,0.534915925,1.195950283,0.501626693,0.510775041,1.23730274,1.59171176,1.250085358,4.745916375,3.036370912,3.558168299,6.46606524,0.624981718,1.197326702,3.405780507,3.16381717,3.501874895,4.176702973,9.084219078,5.679416762,6.538844844,11.54822157,5.437584242,6.507778841,13.31382572,6.062515934,5.706165817,15.18601747,5.9267132,5.832886478,10.98726553,6.709378218,3.998903799,7.441141304,5.201434602,4.13741361,6.839695985,7.168329148,4.359298156,6.626094508,6.658834914,4.172401884,4.743183618,8.386076098,4.075273765,4.404261953,10.28129035,4.3507966,2.492566437,-4.406174048,2.530608851,-1.363821383,-3.501844252,2.399386646,2.699909054,-4.962959974,2.967202384,2.739014965,5.304476736,5.78899894,-3.49280543,-1.669304041,4.376980063,-0.934416777,3.578401309,4.691527867,4.136918349,5.704902512,0.039365105,0.00482939,0.01839697,0.013314377,0.022048376,0.005809338,-0.373207805,-0.263011344,-0.216272719,-0.430450692,-0.396638366,-0.309244474,0.02280985,0.008017736,0.036141939,-3.19036891,2.700912174,-2.243679957,-1.956732997,-3.180854623,-2.343933456,1.527555967,3.900191461,-2.106268497,0,-6.806032049,2.455520412,-2.795952211,6.11026329,-2.688994371,-1.570540485,-4.226234878,-0.966440656,-1.471813331,1.173558518,-4.239263923,1.5988571,1.837907275,1.226194338,2.079224316,1.531147711,-5.050010093,0.953591189,1.732505369,-5.874829715,2.137059021,1.44046775,-3.461188188,0.82491314,1.373736048,4.111872716,-2.119497892,-1.802896666,-3.0486336,-1.980855327,0.917314852,-1.230502312,-1.721999088,-1.659934418,3.878192406,6.034211911,4.120347467,2.5745128,6.799209192,4.530745807,-3.43017801,-8.805354625,-3.740415823,-3.989467172,1.033413601,0
25,0,0,0,-1.280581411,0,0,0,0,0,0,0,0,0.753284081,0,0.664900566,0,0,0,0,0,0,0,0,-1.38441954,1.737343636,0,0,0,0,0,0,0,-0.462125275,0,0.337378218,0,-0.606142603,0,0,0,0,0,-0.520468784,-1.338892415,1.191378868,0,0,0,0,0,0,0,-0.452565829,-0.38295174,0.451026765,0.662159524,-2.347049026,0,1.57622905,0,0,0,-0.607569708,-0.773656439,-0.8279986,0,-0.511351504,0,0,0,2.709633041,0,-0.344557079,0,0.991874707,0,-0.732642561,0,3.450961571,0,0,-0.852339705,0.472053907,-0.562076404,1.624984331,-0.771790909,0.524389338,0,0,-0.788102524,-1.1438308,0,0,0,5.510717575,4.395170523,0,1.499408509,3.314034683,4.248694102,4.153714925,2.731158773,0,-2.045617398,0,0,0,3.062371168,0,7.8219337,2.370558602,2.825833652,6.419653712,-1.570178618,0,-1.302002314,0.238241802,0.153775223,-0.672590187,-0.508544159,4.350517008,-4.375077904,0,0,0,-11.32827546,-6.872447476,5.340229111,10.47787682,6.089968403,7.716183786,11.56894741,-4.118696647,-4.915378535,11.09997487,0,0.480513161,-0.952056905,5.451659097,-0.468266862,0,-0.372740365,-0.270608578,-0.40913852,0.418979215,0.198635247,0.624995191,-0.826815662,0.008638685,0,-1.58766277,0.000209651,-4.11E-05,1.19E-06,0,0.000233001,-0.000555532,0.000248458,-0.00044724,0.000894897,0,0.468833587,4.016781296,0.633049987,2.766151857,0.704925381,0.710519243,0.462970576,0.628990258,-0.818694415,0,0.689511163,-0.943630732,0.322216925,-0.712724295,2.15795047,-0.957236339,0.493196515,-2.602113426,0.53534344,-1.029101819,0.99428763,-1.223031944,0.490189741,-1.748246179,0.988616204,-0.820397738,0.920315586,0.525690116,-0.022400292,-0.027040829,-0.023722091,0,-0.028559519,0.011225964,0.481509349,0.534915925,1.195950283,0.501626693,0.504732065,1.23730274,0,1.122882174,0,2.826565354,0,4.903792449,0,1.075492007,0,3.465006449,3.293278275,3.779173467,9.705938725,5.494953518,6.643412238,11.41547619,5.49670133,6.452777194,13.65133018,5.979467552,5.808386084,15.05859689,6.160717424,5.736498671,11.49841425,6.72162253,4.434860348,6.263533409,5.14288774,3.988908073,7.076267465,6.162627431,4.402479014,5.598563989,6.725465236,3.98704065,4.678198995,8.377978809,3.984389973,4.989016804,9.761330268,4.353038897,4.345497548,6.994808182,2.413540684,-3.74760345,-5.350201253,0,4.98577033,4.71181833,3.113508052,4.971751367,7.71843732,7.389972361,4.551985792,-6.052761506,-4.727961165,0,-5.681545145,-8.975939803,-3.008170797,4.709741865,0.201381421,-0.043675616,0.080803598,-0.127165596,0.091984817,-0.047654377,1.252709917,-0.165458651,-0.263244429,-0.548374493,0.19342855,-0.208524956,0.50428745,0.528459849,0.335054457,5.384002986,-4.287702293,-2.13988537,1.178070651,-4.825328647,2.897661793,-4.08086425,5.95880563,0,-1.997817388,9.092688721,0.522402277,4.108980482,-5.801064429,-2.821582266,-2.62609738,-4.486827876,3.630607907,1.200212077,0.740432987,-3.957657983,1.5988571,4.218039062,-4.492816531,-1.671500281,-4.793573048,5.454960101,0,-2.135289929,7.677146304,0.494468898,-0.813252129,-5.687849062,-0.82491314,-0.775577076,0,-1.995695337,1.850029791,3.885361775,-3.195382497,-1.111580554,-2.451697584,2.854312607,0.438084379,5.549555093,6.453971032,4.019669626,4.114339215,7.781379853,4.589866654,-4.063160759,-10.37734778,-3.990827491,-4.166879886,0,0
26,0,0,-1.713582909,-1.548302264,-1.900433607,0,0,0,3.337858499,0,0,0,0.753284081,0,-0.650366976,0,1.503509202,0,0,0,0,0,-0.816071637,-1.145036062,-4.814602691,0,-0.75434664,0,1.383113653,0,3.367694314,0,-0.462125275,0,0,0,0.960713296,0,0,0,0,-0.286239986,-0.304454721,-1.338892415,-1.704477819,0,1.111573215,0,1.107091987,0,0,0,0.452565829,0,-0.606035811,0,1.173524513,0,-0.609768633,0,0,0,0,0.488122867,-1.466587344,0,0,0,0,0,0,0,-0.344557079,0,0.546291155,0,-0.46224599,0,0,0,0,-0.852339705,0,-0.562076404,2.380559016,-0.973891696,0,1.29463836,0.509641036,0.497237331,-2.655892871,0.25932424,0.229096635,-0.112918315,1.360170698,1.08482826,0,3.859888856,3.062333467,4.932378843,4.533184722,2.706892442,-0.41170587,0,-0.093457735,1.311533023,2.350293251,0,1.821081251,4.267191482,1.958040611,2.504497193,7.583441465,-0.359803944,0,-1.441833892,-0.051883405,0.034380648,0.209771766,0.126207475,0,0,0,4.200255001,6.949360219,10.54463349,-8.05563443,1.799473152,11.18394341,6.119790675,7.98770143,3.972680854,5.492577096,-5.598563029,0,0,0.480513161,-0.952056905,-1.135478676,-0.273918555,0.469738831,-0.372740365,0,0.311094492,0.318577009,-0.29547316,-0.277988388,0,0.335007601,0.610710132,1.292540348,0.00016489,0.000201465,0.000323819,0,0.000233226,0,0.000248698,-0.000895057,0.001343426,0,1.21191724,0,1.636410477,3.650734459,4.683422858,0,0.462970576,0.628990258,0.818694415,-0.000871463,0.542231211,0.429484574,0.098698955,0.474048003,1.575304679,-0.865153798,0.649632836,-2.122334311,0.687788771,-0.84323301,1.247171087,-1.010852152,0.529954937,-1.464777731,0.812067816,-0.809034652,0.010480305,0.063691,0,0,0.023847534,0.023632415,0.178604951,0.084551629,0.481509349,0.534915925,1.195950283,0.501626693,0.504732065,1.244687427,1.963344472,1.841233147,3.653147674,3.268005645,1.739370997,6.497321611,2.312707173,0.926378392,2.650511806,1.398816773,3.419744331,5.007248102,8.876277142,5.430743816,6.41464655,11.03088614,5.318656501,6.223879093,13.00700524,5.813843204,5.591282182,14.620907,5.779862355,5.525934555,11.06757206,6.336263628,4.515062082,7.040734171,5.971349136,3.702208197,5.565646215,6.442668909,3.595550918,5.954678944,7.413693293,4.102944409,5.026917439,9.038194015,4.018376381,4.555235651,9.808363065,4.170426072,-1.879722334,0,-2.63201791,3.169165829,0,3.28020895,-2.132223374,0,-3.086107051,3.495894916,-6.665592128,5.9358697,3.550547928,2.96085395,0,2.486449449,-4.421004975,-7.848480156,4.571872923,5.295541831,0.119114568,-0.024835683,0.054929294,-0.076622475,0.051626,-0.033889345,0.873911612,0.612018374,0.514008318,1.081625862,-0.28302129,-0.205382213,-0.01863044,0.13725367,-0.082277988,2.405957011,0,2.333590917,3.176265448,2.134950631,0,-3.549642375,0,-2.879486216,-3.905044454,-10.03417437,0,2.208072398,0,2.796750411,-2.695052723,1.999843548,0,2.039376747,3.301910272,-3.329360693,2.090669783,2.961466454,5.324705117,4.155663282,-2.715805292,0,-2.53747187,4.492142111,-8.627118604,0,-2.517749929,4.016911101,1.040924489,1.692819772,-4.007114722,3.14185085,1.099502544,4.953680433,-1.240934177,-1.591220053,2.757951826,-2.710227988,0.895875567,5.875913165,6.833515969,4.301143433,4.896045027,7.389851187,4.06410045,-4.813825544,-9.610719165,-4.485265015,-4.683129155,-0.516706801,0
27,0,0,1.713582909,1.548302264,0.475108402,0,0.949546252,0,1.204462256,0,0.732412974,0,0.753284081,0,-0.998470651,0,0.474304345,0,1.066581764,0,0,0,0,1.38441954,-1.096141792,0,0,0,0,0,0,0,-0.462125275,0,-0.614630788,0,0,0,0,0,0,-0.489330488,0,1.338892415,1.026197901,0,0,0,0.755707848,6.000605813,0,-1.821606309,0.452565829,0.38295174,-0.447174165,-0.67780397,0.740411532,-0.735904895,0.609768633,-2.417848495,0,0,0,-0.488122867,0.522408952,0,0,0,0,0,0,0,0.344557079,0,-1.188287442,0,0,0,-2.539840161,0,0,-0.852339705,0,-1.124152808,0,-0.973891696,0,0,0.509641036,0.497237331,1.812928926,0.25932424,0.396920795,0.771354268,0,0,0,3.829833512,1.87392602,4.184011105,4.487300446,2.800950872,-1.406077581,-0.902210442,0,3.137490227,5.622444863,0.769973395,0,4.534924641,1.453442949,2.820622108,5.874143068,0,0,-2.214545807,0.037363906,0.027892684,0.645607574,0.646345896,0,0,0,0,6.267559503,10.70229668,7.300257198,3.153176653,10.08668835,6.211293683,7.668059262,6.882616983,-5.206040236,5.776191444,0,0,0.480513161,-0.952056905,0,-0.468266862,0,-0.372740365,-0.270608578,-0.40913852,-0.418979215,0,0,0,0,0.113715548,1.379419389,0.000179647,0.000297683,0.000968836,0,0.000232926,0,0.000744894,0,0.001341697,0,1.316182277,0,3.391598225,3.331847811,5.403489845,0,0.462970576,0.628990258,1.297599947,0.000654334,0.373433628,1.612404694,0.596150511,0.92092496,2.001376508,-0.857119135,0.828443818,-2.114045996,0.874404713,-0.922134081,1.450394514,-1.226347406,0.698836542,-1.750524212,1.035588912,-0.805875143,0.00335421,0.082996014,0.007283304,0.319492923,0.321248467,0.335514166,-0.002278797,-0.001414057,0.481509349,0.534915925,1.195950283,0.501626693,0.510775041,1.240998914,1.902075657,1.789529058,3.539146269,2.71285178,3.502400117,3.931548491,2.240536023,1.300336469,3.785771975,3.325608197,3.446989016,3.029900611,9.310216077,5.555401602,6.71948475,11.24311805,5.57498764,6.2155204,13.57282522,5.918160635,5.822164287,14.88456662,6.034806251,5.749862546,11.3742647,6.756461752,3.985607086,8.023609458,5.281419127,4.326314036,7.056198168,6.297655139,4.512816643,5.827491365,6.232382929,4.222567804,4.503086973,8.410266572,3.808135072,4.496321301,9.727502732,4.092235596,-1.687448765,-5.206078535,4.461656439,3.437938096,9.201557203,-4.958182779,-0.471359383,-3.44843539,5.346234892,3.984307484,5.297721591,6.018317127,4.36009643,4.590507057,7.169190395,-4.583581363,-4.566004136,6.499811115,-4.00409159,-4.004826489,0.106032034,-0.045678675,0.049027454,-0.120421259,0.051828223,-0.044113566,-0.861204702,-0.369070435,0.57094878,-1.739151131,-0.151559124,-0.092979907,-0.039274812,0.172033573,0.011042962,2.159855801,3.191240459,2.13988537,-0.933598902,2.914661051,2.833006645,-3.850682295,-10.24826698,-3.30841787,0.810482292,2.632932604,0.522402277,0.488126927,4.245621218,2.332447892,-0.945559591,2.22639133,3.525219727,-0.735906666,-1.480865973,2.882249484,1.8486934,4.281028899,6.135555394,-2.391544682,-4.210583693,-8.271567001,-3.21430176,1.412797277,2.223039788,-3.306266545,2.86567199,3.461188188,0.82491314,-0.775577076,-3.894590018,-4.465932916,2.111674525,3.684177172,2.635538493,1.17061695,-4.66973078,-3.228070387,-1.47226906,5.228419446,6.616131317,4.481226948,3.326884929,7.663531206,4.056677332,-4.250146911,-8.485344557,-4.486564457,-4.793941602,0,0
28,0,0,0,0,-1.33379791,0,0,0,0,0,2.029694877,0,-0.753284081,0,1.088501534,0,0,0,4.060855328,0,0,0,0,0,-3.077259055,0,0,0,0,0,0,0,-0.462125275,0,-0.58444219,0,0,0,-0.947054741,0,0,0,-0.304454721,0,0.813242596,0,0,0,0,0,0,0,0.452565829,0,-0.740955624,0,0,0,-0.609768633,0,0,0,1.038647276,0,-0.522408952,0,0,0,0,0,0,0,-0.344557079,0,0.914816681,0,1.805944512,0,0,0,0,0,0.472053907,0,1.624984331,-0.643707397,0.524389338,0,0,-0.497237331,-1.1438308,0,-0.229096635,-0.133352311,0.928460944,0.74051049,0,1.812877784,2.60134248,3.031553789,3.3810805,2.654230846,0,-1.774107397,0,0,0,2.309920185,0,5.071285386,2.726210928,2.649669559,5.748518706,-0.576877529,0,-1.466641021,0.176855417,0.344697781,0.45775976,0.22391884,0.732987142,-3.300083566,2.027193533,0,0,-9.920632799,-6.71266524,0.899736576,9.820337057,5.75763929,7.536784947,-5.819872257,4.414013138,-5.721180827,0,0,0.480513161,-0.952056905,0.918510608,0,0.803023836,0.372740365,0.270608578,-0.40913852,0.418979215,-0.076697547,0.624995191,-0.826815662,0.195085163,0.525228235,-0.987178377,0,-1.23E-05,2.39E-06,0,0,-0.00055571,0,-0.000447384,0.000671443,0,0.468833587,4.749555129,0.633049987,2.900129064,4.973447662,0,0,0,-0.818694415,-0.000218041,-0.005264033,-1.117242497,0.134477214,-0.58463223,1.883313643,-0.93299853,0.78212947,-2.252040172,0.826703858,-0.896813044,1.514619676,-1.065698802,0.72426068,-1.516992456,0.977694069,-0.858478576,-0.00759999,0,0.003467389,0.009668718,-0.003066974,-0.000341049,0.017163813,-0.018842318,0.481509349,0.534915925,1.195950283,0.501626693,0.504732065,1.240998914,1.231946752,1.733684388,5.57172706,3.186442466,3.15599356,4.617890724,1.45116261,1.660515898,3.978582128,3.906169612,3.106062921,4.928697345,9.173157691,5.674115821,6.617555147,11.53591163,5.489676146,6.505680141,13.45533043,6.057773479,5.784627909,15.18921739,6.018081049,5.808977826,11.2742222,6.768927227,4.153060129,7.051166045,5.459873857,3.912726042,6.672969875,6.305058222,4.273523571,5.827491365,7.00803076,3.935255243,5.17331978,8.110590382,4.039581158,4.285696745,9.943895872,4.054537905,1.7572968,-1.273669936,-1.052807164,0,4.300007107,0.895245469,1.565821979,-3.024495155,2.283990621,-2.979847865,4.477610096,-6.457011291,4.52686805,0,3.347339386,2.113446091,2.573039451,8.0223219,5.099698513,6.063816901,-0.036247083,-0.001035565,-0.016717145,-0.002947396,-0.018531761,-0.001156212,0.346183175,0.175325599,0.176964589,0.331627751,-0.347457568,-0.264283968,0.00347035,-0.033912395,-0.043277317,-2.249258032,0.780738708,0.933436367,2.111669553,5.877564487,1.234790132,0,-4.789148173,-0.785878896,2.344554469,1.316466302,0.522402277,-1.621522554,3.723677364,-2.069841261,1.694897837,5.520316989,0.609756165,-2.719892275,4.408683357,-4.393831882,-2.695806317,1.037636562,1.547284983,0,0,-3.862045849,-2.156814412,2.505886462,-2.223039788,0.494468898,0.813252129,4.800158555,2.446401405,-2.841740009,-4.825520897,4.070973242,0,-2.178217239,-1.805544658,-1.411851397,-3.561542447,-0.496376952,-0.854005851,4.22545632,5.940542687,4.481226948,4.356183249,6.872588097,4.082314562,-3.555245858,-7.097986663,-4.422769814,-4.617877025,0.516706801,0
29,0,0,0,-0.874132803,-1.103167546,0,0,0,0,0,0,3.628495449,-0.753284081,-0.465009902,0.704919693,1.311064356,0,0,0,2.187659042,0,0,0,-0.781608709,-2.833485428,0,0,0,0,0,0,0,-0.462125275,-0.673558296,-0.017101898,-0.043822808,0,0,-0.473527371,-1.925845256,0,0.489330488,0.304454721,1.338892415,1.191378868,-0.289248451,0,-0.546536277,0,-3.3644202,0,2.216988897,-0.452565829,-0.654660323,0.832430039,-1.203804982,-0.740411532,0,0,0.861255011,0,-0.559359246,-1.038647276,-0.773656439,0,0,0,0,0,0,0,0,0.344557079,0,-0.831229379,0,0,0,2.0610995,0,0,0,0.748187741,0,1.624984331,-0.643707397,-0.524389338,0,0,-0.788102524,0,0,-0.338249096,-0.133352311,2.288631642,1.82533875,1.248979789,2.639520396,1.370140321,2.240532007,3.536979644,2.745021602,-0.258269296,-1.7101054,-0.071717818,1.585724681,2.841650153,2.903757353,0.834340959,5.331117369,2.24953198,2.607447766,6.037520242,-0.576877529,-0.021290558,-1.419720935,-0.209684199,-0.173697919,-0.762956478,-0.59342369,-2.031286037,0,3.067432307,0,0,-10.78841582,0,2.493389362,8.767363341,5.776682594,7.653342203,-6.882616983,-5.022963197,-5.827303495,0,0,0.480513161,-0.952056905,2.22852175,-0.17724445,0.614742648,-0.372740365,0.121681931,-0.387894372,0.339453071,-0.175322198,0.461726345,-0.738735056,-0.073704544,0.305844732,-1.206719367,0,-0.000110946,-3.82E-05,0,0,-0.001111242,0,-0.000447384,0.000671443,0.576465978,0,4.729211772,0,2.699331427,4.807717256,0,0,0,-1.297599947,0,-0.110632648,-1.602417676,-0.024521951,-0.798168251,1.886439562,-0.968234896,0.781912092,-2.331875535,0.831606106,-0.917630202,1.527619942,-1.089800642,0.73607554,-1.554922673,0.977422338,-0.888911847,-0.001362938,-0.011411427,-0.009567839,-0.042678494,-0.012919085,-0.002296123,-0.002643563,-0.004092544,0.481509349,0.534915925,1.195950283,0.501626693,0.504732065,1.240998914,1.371505071,1.889368502,4.844179971,2.742786522,3.012698369,6.45012447,0.990572587,1.809629514,3.405780507,3.36230435,2.965034787,4.97498825,9.181980253,5.619014759,6.625154541,11.41108216,5.487402848,6.423739637,13.4611429,5.987738495,5.755826034,14.97393414,6.06633603,5.714852192,11.23187022,6.75038259,4.108134396,5.511949873,5.414234066,3.085624993,6.657355588,6.208336136,4.263523822,5.734333456,6.859826102,3.249371126,4.824308089,6.458076951,4.032392652,4.125916828,9.937539686,4.091453745,1.015945389,5.206078535,2.838535207,-1.127999585,-4.813182425,-2.355327941,1.21844633,3.868156743,-2.21271561,2.760950543,6.015603337,-4.565936054,4.616218261,3.413180377,4.938187233,0.740507776,4.024690787,7.135722636,5.042144739,3.845395872,0.073518588,0.012213934,0.030928212,0.03572504,0.037506483,0.012537956,1.340514624,0.719152785,0.524374758,0.80686299,-0.29248675,-0.217599987,-0.00793026,-0.006342609,0.042814806,-1.300362765,-3.191240459,-2.516692592,-1.522634228,-4.753607429,1.866251427,1.263422408,5.360699005,2.06759217,1.187335096,-2.086549722,-2.089609109,-1.261789803,-4.762370896,2.00524907,-1.418339386,-4.519965111,-3.075850413,-2.672025408,-4.220793605,2.035521658,-1.805660714,-2.961466454,2.569984728,-1.905792679,-3.130695903,-5.697511756,-0.755703138,0.546544593,-1.111519894,-2.324221246,2.097297479,-7.026819429,-2.249400396,-2.300088041,0,-1.925814161,1.329366695,-3.846838958,-2.778477556,-1.077196485,-2.883617098,2.196100794,-0.438084379,2.363423078,5.940542687,4.481226948,2.978430857,6.872588097,4.530745807,-3.294063194,-8.064539184,-3.090376193,-3.334290516,0.516706801,0
